#
# There is insufficient memory for the Java Runtime Environment to continue.
# Native memory allocation (malloc) failed to allocate 1644496 bytes. Error detail: Chunk::new
# Possible reasons:
#   The system is out of physical RAM or swap space
#   This process is running with CompressedOops enabled, and the Java Heap may be blocking the growth of the native heap
# Possible solutions:
#   Reduce memory load on the system
#   Increase physical memory or swap space
#   Check if swap backing store is full
#   Decrease Java heap size (-Xmx/-Xms)
#   Decrease number of Java threads
#   Decrease Java thread stack sizes (-Xss)
#   Set larger code cache with -XX:ReservedCodeCacheSize=
#   JVM is running with Unscaled Compressed Oops mode in which the Java heap is
#     placed in the first 4GB address space. The Java Heap base address is the
#     maximum limit for the native heap growth. Please use -XX:HeapBaseMinAddress
#     to set the Java Heap base and to place the Java Heap above 4GB virtual address.
# This output file may be truncated or incomplete.
#
#  Out of Memory Error (arena.cpp:191), pid=9304, tid=14916
#
# JRE version: OpenJDK Runtime Environment Microsoft-13106358 (17.0.18+8) (build 17.0.18+8-LTS)
# Java VM: OpenJDK 64-Bit Server VM Microsoft-13106358 (17.0.18+8-LTS, mixed mode, sharing, tiered, compressed oops, compressed class ptrs, g1 gc, windows-amd64)
# No core dump will be written. Minidumps are not enabled by default on client versions of Windows
#

---------------  S U M M A R Y ------------

Command Line: --add-opens=java.base/java.util=ALL-UNNAMED --add-opens=java.base/java.lang=ALL-UNNAMED --add-opens=java.base/java.lang.invoke=ALL-UNNAMED --add-opens=java.prefs/java.util.prefs=ALL-UNNAMED --add-opens=java.base/java.nio.charset=ALL-UNNAMED --add-opens=java.base/java.net=ALL-UNNAMED --add-opens=java.base/java.util.concurrent.atomic=ALL-UNNAMED -Xmx2048m -Dfile.encoding=UTF-8 -Duser.country=US -Duser.language=en -Duser.variant -javaagent:C:\Users\Pc\.gradle\wrapper\dists\gradle-8.1-bin\2eyty4r6kz6fpakefpk52nbbm\gradle-8.1\lib\agents\gradle-instrumentation-agent-8.1.jar org.gradle.launcher.daemon.bootstrap.GradleDaemon 8.1

Host: Intel(R) Core(TM) i5-6300HQ CPU @ 2.30GHz, 4 cores, 15G,  Windows 10 , 64 bit Build 19041 (10.0.19041.7291)
Time: Mon May 18 23:57:38 2026 Morocco Daylight Time elapsed time: 4002.247391 seconds (0d 1h 6m 42s)

---------------  T H R E A D  ---------------

Current thread (0x0000022affc841e0):  JavaThread "C2 CompilerThread0" daemon [_thread_in_native, id=14916, stack(0x00000032ee600000,0x00000032ee700000)]


Current CompileTask:
C2:4002247 40878       4       org.gradle.api.internal.artifacts.transform.AttributeMatchingVariantSelector::doSelect (364 bytes)

Stack: [0x00000032ee600000,0x00000032ee700000]
Native frames: (J=compiled Java code, j=interpreted, Vv=VM code, C=native code)
V  [jvm.dll+0x68c879]  (no source info available)
V  [jvm.dll+0x845979]  (no source info available)
V  [jvm.dll+0x8476e8]  (no source info available)
V  [jvm.dll+0x847d73]  (no source info available)
V  [jvm.dll+0x24cf6f]  (no source info available)
V  [jvm.dll+0xaecb6]  (no source info available)
V  [jvm.dll+0xaf35c]  (no source info available)
V  [jvm.dll+0x3716ff]  (no source info available)
V  [jvm.dll+0x1c08f9]  (no source info available)
V  [jvm.dll+0x21e080]  (no source info available)
V  [jvm.dll+0x21d36d]  (no source info available)
V  [jvm.dll+0x1a8ce6]  (no source info available)
V  [jvm.dll+0x22db1b]  (no source info available)
V  [jvm.dll+0x22bca6]  (no source info available)
V  [jvm.dll+0x7fbabb]  (no source info available)
V  [jvm.dll+0x7f5ebc]  (no source info available)
V  [jvm.dll+0x68de17]  (no source info available)
C  [ucrtbase.dll+0x21bb2]  (no source info available)
C  [KERNEL32.DLL+0x17374]  (no source info available)
C  [ntdll.dll+0x4cc91]  (no source info available)


---------------  P R O C E S S  ---------------

Threads class SMR info:
_java_thread_list=0x0000022aca8287f0, length=85, elements={
0x0000022ae1ff50d0, 0x0000022affc6c260, 0x0000022affc6cdf0, 0x0000022affc7e5a0,
0x0000022affc7ee70, 0x0000022affc81f20, 0x0000022affc827f0, 0x0000022affc841e0,
0x0000022ac5020090, 0x0000022ac50211b0, 0x0000022affc550a0, 0x0000022ac51db7e0,
0x0000022ac5f2f910, 0x0000022ac574f4e0, 0x0000022ac6eb09a0, 0x0000022ac6d019b0,
0x0000022ac6d00f90, 0x0000022ac6d00060, 0x0000022ac6d00570, 0x0000022ac6d028e0,
0x0000022ac7031c60, 0x0000022ac7032170, 0x0000022ac7036d60, 0x0000022ac70349f0,
0x0000022ac70395e0, 0x0000022ac7035920, 0x0000022ac7035410, 0x0000022ac513c9c0,
0x0000022aca8e82d0, 0x0000022aca8ebf90, 0x0000022aca8e6470, 0x0000022ad39c4700,
0x0000022aca8ed3d0, 0x0000022ad2832b10, 0x0000022ac6727d70, 0x0000022ad2832600,
0x0000022aca8eba80, 0x0000022ad2b83570, 0x0000022ad2b86300, 0x0000022ad2b86810,
0x0000022acbf34b50, 0x0000022acbf34130, 0x0000022ad2b83a80, 0x0000022acb7414b0,
0x0000022acb744240, 0x0000022ad2b849b0, 0x0000022ad2b84ec0, 0x0000022ad2b83060,
0x0000022ad2b83f90, 0x0000022ad2b853d0, 0x0000022ad33a1b80, 0x0000022ad339e3d0,
0x0000022ad339f810, 0x0000022acb744750, 0x0000022acb7428f0, 0x0000022ad2b858e0,
0x0000022ac672a0e0, 0x0000022ac6728ca0, 0x0000022ac672ab00, 0x0000022ad2b85df0,
0x0000022ad2b844a0, 0x0000022ad2833020, 0x0000022ad339ac20, 0x0000022ad33a1670,
0x0000022ad33a1160, 0x0000022ad339d4a0, 0x0000022ad33a25a0, 0x0000022ad339c570,
0x0000022ad339d9b0, 0x0000022ad339b130, 0x0000022ac6728790, 0x0000022ac67296c0,
0x0000022ac67291b0, 0x0000022ac6729bd0, 0x0000022acbf34640, 0x0000022acb741ed0,
0x0000022acb742e00, 0x0000022acb743d30, 0x0000022acb740fa0, 0x0000022ad339b640,
0x0000022ad339fd20, 0x0000022ad2632db0, 0x0000022ad339c060, 0x0000022acbf35060,
0x0000022acbf35570
}

Java Threads: ( => current thread )
  0x0000022ae1ff50d0 JavaThread "main" [_thread_blocked, id=14364, stack(0x00000032ed900000,0x00000032eda00000)]
  0x0000022affc6c260 JavaThread "Reference Handler" daemon [_thread_blocked, id=9120, stack(0x00000032ee000000,0x00000032ee100000)]
  0x0000022affc6cdf0 JavaThread "Finalizer" daemon [_thread_blocked, id=17760, stack(0x00000032ee100000,0x00000032ee200000)]
  0x0000022affc7e5a0 JavaThread "Signal Dispatcher" daemon [_thread_blocked, id=5768, stack(0x00000032ee200000,0x00000032ee300000)]
  0x0000022affc7ee70 JavaThread "Attach Listener" daemon [_thread_blocked, id=13788, stack(0x00000032ee300000,0x00000032ee400000)]
  0x0000022affc81f20 JavaThread "Service Thread" daemon [_thread_blocked, id=17720, stack(0x00000032ee400000,0x00000032ee500000)]
  0x0000022affc827f0 JavaThread "Monitor Deflation Thread" daemon [_thread_blocked, id=2804, stack(0x00000032ee500000,0x00000032ee600000)]
=>0x0000022affc841e0 JavaThread "C2 CompilerThread0" daemon [_thread_in_native, id=14916, stack(0x00000032ee600000,0x00000032ee700000)]
  0x0000022ac5020090 JavaThread "C1 CompilerThread0" daemon [_thread_blocked, id=1316, stack(0x00000032ee700000,0x00000032ee800000)]
  0x0000022ac50211b0 JavaThread "Sweeper thread" daemon [_thread_blocked, id=4084, stack(0x00000032ee800000,0x00000032ee900000)]
  0x0000022affc550a0 JavaThread "Common-Cleaner" daemon [_thread_blocked, id=13792, stack(0x00000032ee900000,0x00000032eea00000)]
  0x0000022ac51db7e0 JavaThread "Notification Thread" daemon [_thread_blocked, id=13892, stack(0x00000032eea00000,0x00000032eeb00000)]
  0x0000022ac5f2f910 JavaThread "Daemon health stats" [_thread_blocked, id=16220, stack(0x00000032ef000000,0x00000032ef100000)]
  0x0000022ac574f4e0 JavaThread "Incoming local TCP Connector on port 57346" [_thread_in_native, id=10572, stack(0x00000032ef100000,0x00000032ef200000)]
  0x0000022ac6eb09a0 JavaThread "Daemon periodic checks" [_thread_blocked, id=2396, stack(0x00000032ef200000,0x00000032ef300000)]
  0x0000022ac6d019b0 JavaThread "Cache worker for journal cache (C:\Users\Pc\.gradle\caches\journal-1)" [_thread_blocked, id=6876, stack(0x00000032ef900000,0x00000032efa00000)]
  0x0000022ac6d00f90 JavaThread "File lock request listener" [_thread_in_native, id=17884, stack(0x00000032efa00000,0x00000032efb00000)]
  0x0000022ac6d00060 JavaThread "Cache worker for file hash cache (C:\Users\Pc\.gradle\caches\8.1\fileHashes)" [_thread_blocked, id=16892, stack(0x00000032efc00000,0x00000032efd00000)]
  0x0000022ac6d00570 JavaThread "File watcher server" daemon [_thread_in_native, id=13844, stack(0x00000032efd00000,0x00000032efe00000)]
  0x0000022ac6d028e0 JavaThread "File watcher consumer" daemon [_thread_blocked, id=13812, stack(0x00000032efe00000,0x00000032eff00000)]
  0x0000022ac7031c60 JavaThread "Cache worker for file content cache (C:\Users\Pc\.gradle\caches\8.1\fileContent)" [_thread_blocked, id=6408, stack(0x00000032f0100000,0x00000032f0200000)]
  0x0000022ac7032170 JavaThread "Cache worker for execution history cache (C:\Users\Pc\.gradle\caches\8.1\executionHistory)" [_thread_blocked, id=7552, stack(0x00000032f0400000,0x00000032f0500000)]
  0x0000022ac7036d60 JavaThread "jar transforms" [_thread_blocked, id=13880, stack(0x00000032f0600000,0x00000032f0700000)]
  0x0000022ac70349f0 JavaThread "jar transforms Thread 2" [_thread_blocked, id=13008, stack(0x00000032f0700000,0x00000032f0800000)]
  0x0000022ac70395e0 JavaThread "jar transforms Thread 3" [_thread_blocked, id=11512, stack(0x00000032f0900000,0x00000032f0a00000)]
  0x0000022ac7035920 JavaThread "jar transforms Thread 4" [_thread_blocked, id=17632, stack(0x00000032f0e00000,0x00000032f0f00000)]
  0x0000022ac7035410 JavaThread "Memory manager" [_thread_blocked, id=3524, stack(0x00000032f0f00000,0x00000032f1000000)]
  0x0000022ac513c9c0 JavaThread "pool-3-thread-1" [_thread_blocked, id=4652, stack(0x00000032f1000000,0x00000032f1100000)]
  0x0000022aca8e82d0 JavaThread "pool-7-thread-1" [_thread_blocked, id=15324, stack(0x00000032f0b00000,0x00000032f0c00000)]
  0x0000022aca8ebf90 JavaThread "pool-10-thread-1" [_thread_blocked, id=9312, stack(0x00000032f0c00000,0x00000032f0d00000)]
  0x0000022aca8e6470 JavaThread "pool-13-thread-1" [_thread_blocked, id=8508, stack(0x00000032f1100000,0x00000032f1200000)]
  0x0000022ad39c4700 JavaThread "pool-16-thread-1" [_thread_blocked, id=18304, stack(0x00000032f0d00000,0x00000032f0e00000)]
  0x0000022aca8ed3d0 JavaThread "pool-19-thread-1" [_thread_blocked, id=4628, stack(0x00000032f1200000,0x00000032f1300000)]
  0x0000022ad2832b10 JavaThread "pool-22-thread-1" [_thread_blocked, id=4760, stack(0x00000032f1300000,0x00000032f1400000)]
  0x0000022ac6727d70 JavaThread "pool-25-thread-1" [_thread_blocked, id=10060, stack(0x00000032f1400000,0x00000032f1500000)]
  0x0000022ad2832600 JavaThread "pool-28-thread-1" [_thread_blocked, id=15608, stack(0x00000032f1500000,0x00000032f1600000)]
  0x0000022aca8eba80 JavaThread "pool-32-thread-1" [_thread_blocked, id=11556, stack(0x00000032f1600000,0x00000032f1700000)]
  0x0000022ad2b83570 JavaThread "RMI Scheduler(0)" daemon [_thread_blocked, id=18080, stack(0x00000032f3700000,0x00000032f3800000)]
  0x0000022ad2b86300 JavaThread "RMI RenewClean-[127.0.0.1:17869,org.jetbrains.kotlin.daemon.common.LoopbackNetworkInterface$ClientLoopbackSocketFactory@67cc1c60]" daemon [_thread_blocked, id=14564, stack(0x00000032f3b00000,0x00000032f3c00000)]
  0x0000022ad2b86810 JavaThread "RMI GC Daemon" daemon [_thread_blocked, id=2284, stack(0x00000032f3c00000,0x00000032f3d00000)]
  0x0000022acbf34b50 JavaThread "RMI TCP Accept-0" daemon [_thread_in_native, id=1180, stack(0x00000032f3e00000,0x00000032f3f00000)]
  0x0000022acbf34130 JavaThread "RMI Reaper" [_thread_blocked, id=1004, stack(0x00000032f3f00000,0x00000032f4000000)]
  0x0000022ad2b83a80 JavaThread "RMI RenewClean-[127.0.0.1:17869,org.jetbrains.kotlin.daemon.common.LoopbackNetworkInterface$ClientLoopbackSocketFactory@7354d02f]" daemon [_thread_blocked, id=1256, stack(0x00000032f4100000,0x00000032f4200000)]
  0x0000022acb7414b0 JavaThread "Daemon Thread 11" [_thread_blocked, id=19880, stack(0x00000032ed600000,0x00000032ed700000)]
  0x0000022acb744240 JavaThread "Handler for socket connection from /127.0.0.1:57346 to /127.0.0.1:57579" [_thread_in_native, id=8648, stack(0x00000032ed700000,0x00000032ed800000)]
  0x0000022ad2b849b0 JavaThread "Cancel handler" [_thread_blocked, id=19884, stack(0x00000032ed800000,0x00000032ed900000)]
  0x0000022ad2b84ec0 JavaThread "Daemon worker Thread 11" [_thread_blocked, id=19888, stack(0x00000032eec00000,0x00000032eed00000)]
  0x0000022ad2b83060 JavaThread "Asynchronous log dispatcher for DefaultDaemonConnection: socket connection from /127.0.0.1:57346 to /127.0.0.1:57579" [_thread_blocked, id=19892, stack(0x00000032ef300000,0x00000032ef400000)]
  0x0000022ad2b83f90 JavaThread "Stdin handler" [_thread_blocked, id=19896, stack(0x00000032ef400000,0x00000032ef500000)]
  0x0000022ad2b853d0 JavaThread "Daemon client event forwarder" [_thread_blocked, id=19900, stack(0x00000032ef500000,0x00000032ef600000)]
  0x0000022ad33a1b80 JavaThread "Cache worker for checksums cache (E:\CCN\CCN-4\Mobile\ContactManagerApp\.gradle\8.1\checksums)" [_thread_blocked, id=2044, stack(0x00000032ef600000,0x00000032ef700000)]
  0x0000022ad339e3d0 JavaThread "Cache worker for cache directory md-rule (C:\Users\Pc\.gradle\caches\8.1\md-rule)" [_thread_blocked, id=8412, stack(0x00000032ef700000,0x00000032ef800000)]
  0x0000022ad339f810 JavaThread "Cache worker for file hash cache (E:\CCN\CCN-4\Mobile\ContactManagerApp\.gradle\8.1\fileHashes)" [_thread_blocked, id=3556, stack(0x00000032ef800000,0x00000032ef900000)]
  0x0000022acb744750 JavaThread "Cache worker for cache directory md-supplier (C:\Users\Pc\.gradle\caches\8.1\md-supplier)" [_thread_blocked, id=19416, stack(0x00000032efb00000,0x00000032efc00000)]
  0x0000022acb7428f0 JavaThread "Cache worker for dependencies-accessors (E:\CCN\CCN-4\Mobile\ContactManagerApp\.gradle\8.1\dependencies-accessors)" [_thread_blocked, id=19396, stack(0x00000032eff00000,0x00000032f0000000)]
  0x0000022ad2b858e0 JavaThread "Cache worker for Build Output Cleanup Cache (E:\CCN\CCN-4\Mobile\ContactManagerApp\.gradle\buildOutputCleanup)" [_thread_blocked, id=19400, stack(0x00000032f0000000,0x00000032f0100000)]
  0x0000022ac672a0e0 JavaThread "Unconstrained build operations" [_thread_blocked, id=19404, stack(0x00000032f0300000,0x00000032f0400000)]
  0x0000022ac6728ca0 JavaThread "Unconstrained build operations Thread 2" [_thread_blocked, id=19440, stack(0x00000032f0800000,0x00000032f0900000)]
  0x0000022ac672ab00 JavaThread "Unconstrained build operations Thread 3" [_thread_blocked, id=19920, stack(0x00000032f0a00000,0x00000032f0b00000)]
  0x0000022ad2b85df0 JavaThread "pool-36-thread-1" [_thread_blocked, id=2692, stack(0x00000032f1700000,0x00000032f1800000)]
  0x0000022ad2b844a0 JavaThread "build event listener" [_thread_blocked, id=19332, stack(0x00000032f1800000,0x00000032f1900000)]
  0x0000022ad2833020 JavaThread "included builds" [_thread_blocked, id=19924, stack(0x00000032f1900000,0x00000032f1a00000)]
  0x0000022ad339ac20 JavaThread "Execution worker" [_thread_blocked, id=19344, stack(0x00000032f1a00000,0x00000032f1b00000)]
  0x0000022ad33a1670 JavaThread "Execution worker Thread 2" [_thread_blocked, id=19340, stack(0x00000032f1b00000,0x00000032f1c00000)]
  0x0000022ad33a1160 JavaThread "Execution worker Thread 3" [_thread_blocked, id=19364, stack(0x00000032f1c00000,0x00000032f1d00000)]
  0x0000022ad339d4a0 JavaThread "Cache worker for execution history cache (E:\CCN\CCN-4\Mobile\ContactManagerApp\.gradle\8.1\executionHistory)" [_thread_blocked, id=19368, stack(0x00000032f1d00000,0x00000032f1e00000)]
  0x0000022ad33a25a0 JavaThread "Unconstrained build operations Thread 4" [_thread_blocked, id=19372, stack(0x00000032f1e00000,0x00000032f1f00000)]
  0x0000022ad339c570 JavaThread "Unconstrained build operations Thread 5" [_thread_blocked, id=19336, stack(0x00000032f2000000,0x00000032f2100000)]
  0x0000022ad339d9b0 JavaThread "Unconstrained build operations Thread 6" [_thread_blocked, id=19328, stack(0x00000032f2100000,0x00000032f2200000)]
  0x0000022ad339b130 JavaThread "Unconstrained build operations Thread 7" [_thread_blocked, id=19928, stack(0x00000032f2200000,0x00000032f2300000)]
  0x0000022ac6728790 JavaThread "Unconstrained build operations Thread 8" [_thread_blocked, id=19932, stack(0x00000032f2300000,0x00000032f2400000)]
  0x0000022ac67296c0 JavaThread "Unconstrained build operations Thread 9" [_thread_blocked, id=19936, stack(0x00000032f2400000,0x00000032f2500000)]
  0x0000022ac67291b0 JavaThread "Unconstrained build operations Thread 10" [_thread_blocked, id=15936, stack(0x00000032f2500000,0x00000032f2600000)]
  0x0000022ac6729bd0 JavaThread "Unconstrained build operations Thread 11" [_thread_blocked, id=19940, stack(0x00000032f2600000,0x00000032f2700000)]
  0x0000022acbf34640 JavaThread "Unconstrained build operations Thread 12" [_thread_blocked, id=12492, stack(0x00000032f2700000,0x00000032f2800000)]
  0x0000022acb741ed0 JavaThread "WorkerExecutor Queue" [_thread_in_native, id=19428, stack(0x00000032f2800000,0x00000032f2900000)]
  0x0000022acb742e00 JavaThread "Unconstrained build operations Thread 13" [_thread_blocked, id=19432, stack(0x00000032f2900000,0x00000032f2a00000)]
  0x0000022acb743d30 JavaThread "Unconstrained build operations Thread 14" [_thread_blocked, id=3508, stack(0x00000032f2a00000,0x00000032f2b00000)]
  0x0000022acb740fa0 JavaThread "Unconstrained build operations Thread 15" [_thread_blocked, id=19436, stack(0x00000032f2b00000,0x00000032f2c00000)]
  0x0000022ad339b640 JavaThread "RMI RenewClean-[127.0.0.1:17049,org.jetbrains.kotlin.daemon.common.LoopbackNetworkInterface$ClientLoopbackSocketFactory@1d135bf4]" daemon [_thread_blocked, id=20052, stack(0x00000032f0200000,0x00000032f0300000)]
  0x0000022ad339fd20 JavaThread "WorkerExecutor Queue Thread 2" [_thread_in_native, id=13296, stack(0x00000032f2c00000,0x00000032f2d00000)]
  0x0000022ad2632db0 JavaThread "C2 CompilerThread1" daemon [_thread_blocked, id=20056, stack(0x00000032f2d00000,0x00000032f2e00000)]
  0x0000022ad339c060 JavaThread "RMI TCP Connection(3)-127.0.0.1" daemon [_thread_in_native, id=20064, stack(0x00000032f2e00000,0x00000032f2f00000)]
  0x0000022acbf35060 JavaThread "RMI RenewClean-[127.0.0.1:17049,org.jetbrains.kotlin.daemon.common.LoopbackNetworkInterface$ClientLoopbackSocketFactory@1592c85e]" daemon [_thread_blocked, id=20068, stack(0x00000032f2f00000,0x00000032f3000000)]
  0x0000022acbf35570 JavaThread "RMI TCP Connection(4)-127.0.0.1" daemon [_thread_in_native, id=20072, stack(0x00000032f3000000,0x00000032f3100000)]

Other Threads:
  0x0000022affc64600 VMThread "VM Thread" [stack: 0x00000032edf00000,0x00000032ee000000] [id=16416]
  0x0000022ae1ff5da0 WatcherThread [stack: 0x00000032eeb00000,0x00000032eec00000] [id=6536]
  0x0000022ae2052450 GCTaskThread "GC Thread#0" [stack: 0x00000032eda00000,0x00000032edb00000] [id=508]
  0x0000022ac5a3e140 GCTaskThread "GC Thread#1" [stack: 0x00000032eed00000,0x00000032eee00000] [id=15772]
  0x0000022ac5266660 GCTaskThread "GC Thread#2" [stack: 0x00000032eee00000,0x00000032eef00000] [id=15464]
  0x0000022ac5984e90 GCTaskThread "GC Thread#3" [stack: 0x00000032eef00000,0x00000032ef000000] [id=6124]
  0x0000022ae20631c0 ConcurrentGCThread "G1 Main Marker" [stack: 0x00000032edb00000,0x00000032edc00000] [id=17448]
  0x0000022ae2064190 ConcurrentGCThread "G1 Conc#0" [stack: 0x00000032edc00000,0x00000032edd00000] [id=7612]
  0x0000022affb22170 ConcurrentGCThread "G1 Refine#0" [stack: 0x00000032edd00000,0x00000032ede00000] [id=13080]
  0x0000022ac9b07500 ConcurrentGCThread "G1 Refine#1" [stack: 0x00000032f0500000,0x00000032f0600000] [id=13492]
  0x0000022aca84ecf0 ConcurrentGCThread "G1 Refine#2" [stack: 0x00000032f1f00000,0x00000032f2000000] [id=18088]
  0x0000022acc0c20c0 ConcurrentGCThread "G1 Refine#3" [stack: 0x00000032f3900000,0x00000032f3a00000] [id=16412]
  0x0000022affb229c0 ConcurrentGCThread "G1 Service" [stack: 0x00000032ede00000,0x00000032edf00000] [id=10564]

Threads with active compile tasks:
C2 CompilerThread0  4002280 40878       4       org.gradle.api.internal.artifacts.transform.AttributeMatchingVariantSelector::doSelect (364 bytes)

VM state: not at safepoint (normal execution)

VM Mutex/Monitor currently owned by a thread: None

Heap address: 0x0000000080000000, size: 2048 MB, Compressed Oops mode: 32-bit

CDS archive(s) mapped at: [0x0000022a80000000-0x0000022a80bb0000-0x0000022a80bb0000), size 12255232, SharedBaseAddress: 0x0000022a80000000, ArchiveRelocationMode: 1.
Compressed class space mapped at: 0x0000022a81000000-0x0000022ac1000000, reserved size: 1073741824
Narrow klass base: 0x0000022a80000000, Narrow klass shift: 0, Narrow klass range: 0x100000000

GC Precious Log:
 CPUs: 4 total, 4 available
 Memory: 16282M
 Large Page Support: Disabled
 NUMA Support: Disabled
 Compressed Oops: Enabled (32-bit)
 Heap Region Size: 1M
 Heap Min Capacity: 8M
 Heap Initial Capacity: 256M
 Heap Max Capacity: 2G
 Pre-touch: Disabled
 Parallel Workers: 4
 Concurrent Workers: 1
 Concurrent Refinement Workers: 4
 Periodic GC: Disabled

Heap:
 garbage-first heap   total 624640K, used 199539K [0x0000000080000000, 0x0000000100000000)
  region size 1024K, 41 young (41984K), 16 survivors (16384K)
 Metaspace       used 145921K, committed 148416K, reserved 1179648K
  class space    used 18662K, committed 19648K, reserved 1048576K

Heap Regions: E=young(eden), S=young(survivor), O=old, HS=humongous(starts), HC=humongous(continues), CS=collection set, F=free, OA=open archive, CA=closed archive, TAMS=top-at-mark-start (previous, next)
|   0|0x0000000080000000, 0x0000000080100000, 0x0000000080100000|100%| O|  |TAMS 0x0000000080100000, 0x0000000080000000| Untracked 
|   1|0x0000000080100000, 0x0000000080200000, 0x0000000080200000|100%| O|  |TAMS 0x0000000080200000, 0x0000000080100000| Untracked 
|   2|0x0000000080200000, 0x0000000080300000, 0x0000000080300000|100%|HS|  |TAMS 0x0000000080300000, 0x0000000080200000| Complete 
|   3|0x0000000080300000, 0x0000000080400000, 0x0000000080400000|100%|HC|  |TAMS 0x0000000080400000, 0x0000000080300000| Complete 
|   4|0x0000000080400000, 0x0000000080500000, 0x0000000080500000|100%|HC|  |TAMS 0x0000000080500000, 0x0000000080400000| Complete 
|   5|0x0000000080500000, 0x0000000080600000, 0x0000000080600000|100%|HC|  |TAMS 0x0000000080600000, 0x0000000080500000| Complete 
|   6|0x0000000080600000, 0x0000000080700000, 0x0000000080700000|100%| O|  |TAMS 0x0000000080700000, 0x0000000080600000| Untracked 
|   7|0x0000000080700000, 0x0000000080800000, 0x0000000080800000|100%| O|  |TAMS 0x0000000080800000, 0x0000000080700000| Untracked 
|   8|0x0000000080800000, 0x0000000080900000, 0x0000000080900000|100%| O|  |TAMS 0x0000000080900000, 0x0000000080800000| Untracked 
|   9|0x0000000080900000, 0x0000000080a00000, 0x0000000080a00000|100%| O|  |TAMS 0x0000000080a00000, 0x0000000080900000| Untracked 
|  10|0x0000000080a00000, 0x0000000080b00000, 0x0000000080b00000|100%| O|  |TAMS 0x0000000080b00000, 0x0000000080a00000| Untracked 
|  11|0x0000000080b00000, 0x0000000080c00000, 0x0000000080c00000|100%| O|  |TAMS 0x0000000080c00000, 0x0000000080b00000| Untracked 
|  12|0x0000000080c00000, 0x0000000080d00000, 0x0000000080d00000|100%| O|  |TAMS 0x0000000080d00000, 0x0000000080c00000| Untracked 
|  13|0x0000000080d00000, 0x0000000080e00000, 0x0000000080e00000|100%| O|  |TAMS 0x0000000080e00000, 0x0000000080d00000| Untracked 
|  14|0x0000000080e00000, 0x0000000080f00000, 0x0000000080f00000|100%| O|  |TAMS 0x0000000080f00000, 0x0000000080e00000| Untracked 
|  15|0x0000000080f00000, 0x0000000081000000, 0x0000000081000000|100%| O|  |TAMS 0x0000000081000000, 0x0000000080f00000| Untracked 
|  16|0x0000000081000000, 0x0000000081100000, 0x0000000081100000|100%| O|  |TAMS 0x0000000081100000, 0x0000000081000000| Untracked 
|  17|0x0000000081100000, 0x0000000081200000, 0x0000000081200000|100%| O|  |TAMS 0x0000000081200000, 0x0000000081100000| Untracked 
|  18|0x0000000081200000, 0x0000000081300000, 0x0000000081300000|100%| O|  |TAMS 0x0000000081300000, 0x0000000081200000| Untracked 
|  19|0x0000000081300000, 0x0000000081400000, 0x0000000081400000|100%| O|  |TAMS 0x0000000081400000, 0x0000000081300000| Untracked 
|  20|0x0000000081400000, 0x0000000081500000, 0x0000000081500000|100%| O|  |TAMS 0x0000000081500000, 0x0000000081400000| Untracked 
|  21|0x0000000081500000, 0x0000000081600000, 0x0000000081600000|100%| O|  |TAMS 0x0000000081600000, 0x0000000081500000| Untracked 
|  22|0x0000000081600000, 0x0000000081700000, 0x0000000081700000|100%| O|  |TAMS 0x0000000081700000, 0x0000000081600000| Untracked 
|  23|0x0000000081700000, 0x0000000081800000, 0x0000000081800000|100%| O|  |TAMS 0x0000000081800000, 0x0000000081700000| Untracked 
|  24|0x0000000081800000, 0x0000000081900000, 0x0000000081900000|100%| O|  |TAMS 0x0000000081900000, 0x0000000081800000| Untracked 
|  25|0x0000000081900000, 0x0000000081a00000, 0x0000000081a00000|100%| O|  |TAMS 0x0000000081a00000, 0x0000000081900000| Untracked 
|  26|0x0000000081a00000, 0x0000000081b00000, 0x0000000081b00000|100%|HS|  |TAMS 0x0000000081b00000, 0x0000000081a00000| Complete 
|  27|0x0000000081b00000, 0x0000000081c00000, 0x0000000081c00000|100%| O|  |TAMS 0x0000000081c00000, 0x0000000081b00000| Untracked 
|  28|0x0000000081c00000, 0x0000000081d00000, 0x0000000081d00000|100%| O|  |TAMS 0x0000000081d00000, 0x0000000081c00000| Untracked 
|  29|0x0000000081d00000, 0x0000000081dfac00, 0x0000000081e00000| 97%| O|  |TAMS 0x0000000081dfac00, 0x0000000081d00000| Untracked 
|  30|0x0000000081e00000, 0x0000000081f00000, 0x0000000081f00000|100%| O|  |TAMS 0x0000000081f00000, 0x0000000081e00000| Untracked 
|  31|0x0000000081f00000, 0x0000000082000000, 0x0000000082000000|100%| O|  |TAMS 0x0000000082000000, 0x0000000081f00000| Untracked 
|  32|0x0000000082000000, 0x0000000082100000, 0x0000000082100000|100%|HS|  |TAMS 0x0000000082100000, 0x0000000082000000| Complete 
|  33|0x0000000082100000, 0x0000000082200000, 0x0000000082200000|100%|HC|  |TAMS 0x0000000082200000, 0x0000000082100000| Complete 
|  34|0x0000000082200000, 0x0000000082300000, 0x0000000082300000|100%|HS|  |TAMS 0x0000000082300000, 0x0000000082200000| Complete 
|  35|0x0000000082300000, 0x0000000082400000, 0x0000000082400000|100%|HS|  |TAMS 0x0000000082400000, 0x0000000082300000| Complete 
|  36|0x0000000082400000, 0x0000000082500000, 0x0000000082500000|100%|HS|  |TAMS 0x0000000082500000, 0x0000000082400000| Complete 
|  37|0x0000000082500000, 0x0000000082600000, 0x0000000082600000|100%|HC|  |TAMS 0x0000000082600000, 0x0000000082500000| Complete 
|  38|0x0000000082600000, 0x0000000082700000, 0x0000000082700000|100%|HC|  |TAMS 0x0000000082700000, 0x0000000082600000| Complete 
|  39|0x0000000082700000, 0x0000000082800000, 0x0000000082800000|100%|HC|  |TAMS 0x0000000082800000, 0x0000000082700000| Complete 
|  40|0x0000000082800000, 0x0000000082900000, 0x0000000082900000|100%|HS|  |TAMS 0x0000000082900000, 0x0000000082800000| Complete 
|  41|0x0000000082900000, 0x0000000082a00000, 0x0000000082a00000|100%|HC|  |TAMS 0x0000000082a00000, 0x0000000082900000| Complete 
|  42|0x0000000082a00000, 0x0000000082b00000, 0x0000000082b00000|100%|HS|  |TAMS 0x0000000082b00000, 0x0000000082a00000| Complete 
|  43|0x0000000082b00000, 0x0000000082c00000, 0x0000000082c00000|100%| O|  |TAMS 0x0000000082c00000, 0x0000000082b00000| Untracked 
|  44|0x0000000082c00000, 0x0000000082d00000, 0x0000000082d00000|100%| O|  |TAMS 0x0000000082d00000, 0x0000000082c00000| Untracked 
|  45|0x0000000082d00000, 0x0000000082e00000, 0x0000000082e00000|100%| O|  |TAMS 0x0000000082e00000, 0x0000000082d00000| Untracked 
|  46|0x0000000082e00000, 0x0000000082f00000, 0x0000000082f00000|100%| O|  |TAMS 0x0000000082f00000, 0x0000000082e00000| Untracked 
|  47|0x0000000082f00000, 0x0000000083000000, 0x0000000083000000|100%| O|  |TAMS 0x0000000083000000, 0x0000000082f00000| Untracked 
|  48|0x0000000083000000, 0x0000000083100000, 0x0000000083100000|100%| O|  |TAMS 0x0000000083100000, 0x0000000083000000| Untracked 
|  49|0x0000000083100000, 0x0000000083200000, 0x0000000083200000|100%| O|  |TAMS 0x0000000083200000, 0x0000000083100000| Untracked 
|  50|0x0000000083200000, 0x0000000083300000, 0x0000000083300000|100%| O|  |TAMS 0x0000000083300000, 0x0000000083200000| Untracked 
|  51|0x0000000083300000, 0x0000000083400000, 0x0000000083400000|100%| O|  |TAMS 0x0000000083400000, 0x0000000083300000| Untracked 
|  52|0x0000000083400000, 0x0000000083500000, 0x0000000083500000|100%| O|  |TAMS 0x0000000083500000, 0x0000000083400000| Untracked 
|  53|0x0000000083500000, 0x0000000083600000, 0x0000000083600000|100%| O|  |TAMS 0x0000000083600000, 0x0000000083500000| Untracked 
|  54|0x0000000083600000, 0x0000000083700000, 0x0000000083700000|100%| O|  |TAMS 0x0000000083700000, 0x0000000083600000| Untracked 
|  55|0x0000000083700000, 0x0000000083800000, 0x0000000083800000|100%| O|  |TAMS 0x0000000083800000, 0x0000000083700000| Untracked 
|  56|0x0000000083800000, 0x0000000083900000, 0x0000000083900000|100%| O|  |TAMS 0x0000000083900000, 0x0000000083800000| Untracked 
|  57|0x0000000083900000, 0x0000000083a00000, 0x0000000083a00000|100%| O|  |TAMS 0x0000000083a00000, 0x0000000083900000| Untracked 
|  58|0x0000000083a00000, 0x0000000083b00000, 0x0000000083b00000|100%| O|  |TAMS 0x0000000083b00000, 0x0000000083a00000| Untracked 
|  59|0x0000000083b00000, 0x0000000083c00000, 0x0000000083c00000|100%| O|  |TAMS 0x0000000083c00000, 0x0000000083b00000| Untracked 
|  60|0x0000000083c00000, 0x0000000083d00000, 0x0000000083d00000|100%| O|  |TAMS 0x0000000083d00000, 0x0000000083c00000| Complete 
|  61|0x0000000083d00000, 0x0000000083e00000, 0x0000000083e00000|100%| O|  |TAMS 0x0000000083e00000, 0x0000000083d00000| Untracked 
|  62|0x0000000083e00000, 0x0000000083f00000, 0x0000000083f00000|100%| O|  |TAMS 0x0000000083f00000, 0x0000000083e00000| Untracked 
|  63|0x0000000083f00000, 0x0000000084000000, 0x0000000084000000|100%| O|  |TAMS 0x0000000084000000, 0x0000000083f00000| Untracked 
|  64|0x0000000084000000, 0x0000000084100000, 0x0000000084100000|100%|HS|  |TAMS 0x0000000084100000, 0x0000000084000000| Complete 
|  65|0x0000000084100000, 0x0000000084200000, 0x0000000084200000|100%|HC|  |TAMS 0x0000000084200000, 0x0000000084100000| Complete 
|  66|0x0000000084200000, 0x0000000084300000, 0x0000000084300000|100%|HC|  |TAMS 0x0000000084300000, 0x0000000084200000| Complete 
|  67|0x0000000084300000, 0x0000000084400000, 0x0000000084400000|100%|HC|  |TAMS 0x0000000084400000, 0x0000000084300000| Complete 
|  68|0x0000000084400000, 0x0000000084500000, 0x0000000084500000|100%| O|  |TAMS 0x0000000084500000, 0x0000000084400000| Untracked 
|  69|0x0000000084500000, 0x0000000084600000, 0x0000000084600000|100%| O|  |TAMS 0x0000000084600000, 0x0000000084500000| Untracked 
|  70|0x0000000084600000, 0x0000000084700000, 0x0000000084700000|100%| O|  |TAMS 0x0000000084700000, 0x0000000084600000| Untracked 
|  71|0x0000000084700000, 0x0000000084800000, 0x0000000084800000|100%| O|  |TAMS 0x0000000084800000, 0x0000000084700000| Untracked 
|  72|0x0000000084800000, 0x0000000084900000, 0x0000000084900000|100%| O|  |TAMS 0x0000000084900000, 0x0000000084800000| Untracked 
|  73|0x0000000084900000, 0x0000000084a00000, 0x0000000084a00000|100%| O|  |TAMS 0x0000000084a00000, 0x0000000084900000| Untracked 
|  74|0x0000000084a00000, 0x0000000084b00000, 0x0000000084b00000|100%| O|  |TAMS 0x0000000084b00000, 0x0000000084a00000| Untracked 
|  75|0x0000000084b00000, 0x0000000084c00000, 0x0000000084c00000|100%| O|  |TAMS 0x0000000084c00000, 0x0000000084b00000| Untracked 
|  76|0x0000000084c00000, 0x0000000084d00000, 0x0000000084d00000|100%| O|  |TAMS 0x0000000084d00000, 0x0000000084c00000| Untracked 
|  77|0x0000000084d00000, 0x0000000084e00000, 0x0000000084e00000|100%| O|  |TAMS 0x0000000084e00000, 0x0000000084d00000| Untracked 
|  78|0x0000000084e00000, 0x0000000084f00000, 0x0000000084f00000|100%| O|  |TAMS 0x0000000084f00000, 0x0000000084e00000| Untracked 
|  79|0x0000000084f00000, 0x0000000085000000, 0x0000000085000000|100%| O|  |TAMS 0x0000000085000000, 0x0000000084f00000| Untracked 
|  80|0x0000000085000000, 0x0000000085100000, 0x0000000085100000|100%| O|  |TAMS 0x0000000085100000, 0x0000000085000000| Untracked 
|  81|0x0000000085100000, 0x0000000085200000, 0x0000000085200000|100%| O|  |TAMS 0x0000000085200000, 0x0000000085100000| Untracked 
|  82|0x0000000085200000, 0x0000000085300000, 0x0000000085300000|100%| O|  |TAMS 0x0000000085300000, 0x0000000085200000| Untracked 
|  83|0x0000000085300000, 0x0000000085400000, 0x0000000085400000|100%| O|  |TAMS 0x0000000085400000, 0x0000000085300000| Untracked 
|  84|0x0000000085400000, 0x0000000085500000, 0x0000000085500000|100%| O|  |TAMS 0x0000000085500000, 0x0000000085400000| Untracked 
|  85|0x0000000085500000, 0x0000000085600000, 0x0000000085600000|100%| O|  |TAMS 0x0000000085600000, 0x0000000085500000| Untracked 
|  86|0x0000000085600000, 0x0000000085700000, 0x0000000085700000|100%| O|  |TAMS 0x0000000085700000, 0x0000000085600000| Untracked 
|  87|0x0000000085700000, 0x0000000085800000, 0x0000000085800000|100%| O|  |TAMS 0x0000000085800000, 0x0000000085700000| Untracked 
|  88|0x0000000085800000, 0x0000000085900000, 0x0000000085900000|100%| O|  |TAMS 0x0000000085900000, 0x0000000085800000| Untracked 
|  89|0x0000000085900000, 0x0000000085a00000, 0x0000000085a00000|100%| O|  |TAMS 0x0000000085a00000, 0x0000000085900000| Untracked 
|  90|0x0000000085a00000, 0x0000000085b00000, 0x0000000085b00000|100%| O|  |TAMS 0x0000000085b00000, 0x0000000085a00000| Untracked 
|  91|0x0000000085b00000, 0x0000000085c00000, 0x0000000085c00000|100%| O|  |TAMS 0x0000000085c00000, 0x0000000085b00000| Untracked 
|  92|0x0000000085c00000, 0x0000000085d00000, 0x0000000085d00000|100%| O|  |TAMS 0x0000000085d00000, 0x0000000085c00000| Untracked 
|  93|0x0000000085d00000, 0x0000000085e00000, 0x0000000085e00000|100%| O|  |TAMS 0x0000000085e00000, 0x0000000085d00000| Untracked 
|  94|0x0000000085e00000, 0x0000000085f00000, 0x0000000085f00000|100%| O|  |TAMS 0x0000000085f00000, 0x0000000085e00000| Untracked 
|  95|0x0000000085f00000, 0x0000000086000000, 0x0000000086000000|100%| O|  |TAMS 0x0000000086000000, 0x0000000085f00000| Untracked 
|  96|0x0000000086000000, 0x0000000086100000, 0x0000000086100000|100%| O|  |TAMS 0x0000000086100000, 0x0000000086000000| Complete 
|  97|0x0000000086100000, 0x0000000086200000, 0x0000000086200000|100%| O|  |TAMS 0x0000000086200000, 0x0000000086100000| Complete 
|  98|0x0000000086200000, 0x0000000086300000, 0x0000000086300000|100%| O|  |TAMS 0x0000000086300000, 0x0000000086200000| Untracked 
|  99|0x0000000086300000, 0x0000000086400000, 0x0000000086400000|100%| O|  |TAMS 0x0000000086400000, 0x0000000086300000| Untracked 
| 100|0x0000000086400000, 0x0000000086500000, 0x0000000086500000|100%| O|  |TAMS 0x0000000086500000, 0x0000000086400000| Complete 
| 101|0x0000000086500000, 0x0000000086600000, 0x0000000086600000|100%| O|  |TAMS 0x0000000086600000, 0x0000000086500000| Untracked 
| 102|0x0000000086600000, 0x0000000086700000, 0x0000000086700000|100%| O|  |TAMS 0x0000000086700000, 0x0000000086600000| Untracked 
| 103|0x0000000086700000, 0x0000000086800000, 0x0000000086800000|100%| O|  |TAMS 0x0000000086800000, 0x0000000086700000| Untracked 
| 104|0x0000000086800000, 0x0000000086900000, 0x0000000086900000|100%| O|  |TAMS 0x0000000086900000, 0x0000000086800000| Untracked 
| 105|0x0000000086900000, 0x0000000086a00000, 0x0000000086a00000|100%| O|  |TAMS 0x0000000086a00000, 0x0000000086900000| Complete 
| 106|0x0000000086a00000, 0x0000000086b00000, 0x0000000086b00000|100%| O|  |TAMS 0x0000000086b00000, 0x0000000086a00000| Untracked 
| 107|0x0000000086b00000, 0x0000000086c00000, 0x0000000086c00000|100%| O|  |TAMS 0x0000000086c00000, 0x0000000086b00000| Complete 
| 108|0x0000000086c00000, 0x0000000086d00000, 0x0000000086d00000|100%| O|  |TAMS 0x0000000086d00000, 0x0000000086c00000| Complete 
| 109|0x0000000086d00000, 0x0000000086e00000, 0x0000000086e00000|100%| O|  |TAMS 0x0000000086e00000, 0x0000000086d00000| Untracked 
| 110|0x0000000086e00000, 0x0000000086f00000, 0x0000000086f00000|100%| O|  |TAMS 0x0000000086f00000, 0x0000000086e00000| Untracked 
| 111|0x0000000086f00000, 0x0000000087000000, 0x0000000087000000|100%| O|  |TAMS 0x0000000087000000, 0x0000000086f00000| Untracked 
| 112|0x0000000087000000, 0x0000000087100000, 0x0000000087100000|100%| O|  |TAMS 0x0000000087100000, 0x0000000087000000| Complete 
| 113|0x0000000087100000, 0x0000000087200000, 0x0000000087200000|100%| O|  |TAMS 0x0000000087200000, 0x0000000087100000| Untracked 
| 114|0x0000000087200000, 0x0000000087300000, 0x0000000087300000|100%| O|  |TAMS 0x0000000087300000, 0x0000000087200000| Complete 
| 115|0x0000000087300000, 0x0000000087400000, 0x0000000087400000|100%| O|  |TAMS 0x0000000087400000, 0x0000000087300000| Untracked 
| 116|0x0000000087400000, 0x0000000087500000, 0x0000000087500000|100%| O|  |TAMS 0x0000000087500000, 0x0000000087400000| Untracked 
| 117|0x0000000087500000, 0x0000000087600000, 0x0000000087600000|100%| O|  |TAMS 0x0000000087600000, 0x0000000087500000| Untracked 
| 118|0x0000000087600000, 0x0000000087700000, 0x0000000087700000|100%| O|  |TAMS 0x0000000087700000, 0x0000000087600000| Untracked 
| 119|0x0000000087700000, 0x0000000087800000, 0x0000000087800000|100%| O|  |TAMS 0x0000000087800000, 0x0000000087700000| Untracked 
| 120|0x0000000087800000, 0x0000000087900000, 0x0000000087900000|100%| O|  |TAMS 0x0000000087900000, 0x0000000087800000| Untracked 
| 121|0x0000000087900000, 0x0000000087a00000, 0x0000000087a00000|100%| O|  |TAMS 0x0000000087a00000, 0x0000000087900000| Untracked 
| 122|0x0000000087a00000, 0x0000000087a00000, 0x0000000087b00000|  0%| F|  |TAMS 0x0000000087a00000, 0x0000000087a00000| Untracked 
| 123|0x0000000087b00000, 0x0000000087c00000, 0x0000000087c00000|100%| O|  |TAMS 0x0000000087c00000, 0x0000000087b00000| Complete 
| 124|0x0000000087c00000, 0x0000000087d00000, 0x0000000087d00000|100%| O|  |TAMS 0x0000000087d00000, 0x0000000087c00000| Complete 
| 125|0x0000000087d00000, 0x0000000087d00000, 0x0000000087e00000|  0%| F|  |TAMS 0x0000000087d00000, 0x0000000087d00000| Untracked 
| 126|0x0000000087e00000, 0x0000000087f00000, 0x0000000087f00000|100%| O|  |TAMS 0x0000000087f00000, 0x0000000087e00000| Complete 
| 127|0x0000000087f00000, 0x0000000088000000, 0x0000000088000000|100%| O|  |TAMS 0x0000000088000000, 0x0000000087f00000| Complete 
| 128|0x0000000088000000, 0x0000000088100000, 0x0000000088100000|100%| O|  |TAMS 0x0000000088100000, 0x0000000088000000| Complete 
| 129|0x0000000088100000, 0x0000000088200000, 0x0000000088200000|100%| O|  |TAMS 0x0000000088200000, 0x0000000088100000| Untracked 
| 130|0x0000000088200000, 0x0000000088300000, 0x0000000088300000|100%| O|  |TAMS 0x0000000088300000, 0x0000000088200000| Untracked 
| 131|0x0000000088300000, 0x0000000088300000, 0x0000000088400000|  0%| F|  |TAMS 0x0000000088300000, 0x0000000088300000| Untracked 
| 132|0x0000000088400000, 0x0000000088500000, 0x0000000088500000|100%| O|  |TAMS 0x0000000088500000, 0x0000000088400000| Untracked 
| 133|0x0000000088500000, 0x0000000088500000, 0x0000000088600000|  0%| F|  |TAMS 0x0000000088500000, 0x0000000088500000| Untracked 
| 134|0x0000000088600000, 0x0000000088700000, 0x0000000088700000|100%| O|  |TAMS 0x0000000088700000, 0x0000000088600000| Complete 
| 135|0x0000000088700000, 0x0000000088800000, 0x0000000088800000|100%| O|  |TAMS 0x0000000088800000, 0x0000000088700000| Complete 
| 136|0x0000000088800000, 0x0000000088800000, 0x0000000088900000|  0%| F|  |TAMS 0x0000000088800000, 0x0000000088800000| Untracked 
| 137|0x0000000088900000, 0x0000000088900000, 0x0000000088a00000|  0%| F|  |TAMS 0x0000000088900000, 0x0000000088900000| Untracked 
| 138|0x0000000088a00000, 0x0000000088a00000, 0x0000000088b00000|  0%| F|  |TAMS 0x0000000088a00000, 0x0000000088a00000| Untracked 
| 139|0x0000000088b00000, 0x0000000088b00000, 0x0000000088c00000|  0%| F|  |TAMS 0x0000000088b00000, 0x0000000088b00000| Untracked 
| 140|0x0000000088c00000, 0x0000000088c00000, 0x0000000088d00000|  0%| F|  |TAMS 0x0000000088c00000, 0x0000000088c00000| Untracked 
| 141|0x0000000088d00000, 0x0000000088d00000, 0x0000000088e00000|  0%| F|  |TAMS 0x0000000088d00000, 0x0000000088d00000| Untracked 
| 142|0x0000000088e00000, 0x0000000088e9de00, 0x0000000088f00000| 61%| O|  |TAMS 0x0000000088e9de00, 0x0000000088e00000| Complete 
| 143|0x0000000088f00000, 0x0000000088f00000, 0x0000000089000000|  0%| F|  |TAMS 0x0000000088f00000, 0x0000000088f00000| Untracked 
| 144|0x0000000089000000, 0x0000000089000000, 0x0000000089100000|  0%| F|  |TAMS 0x0000000089000000, 0x0000000089000000| Untracked 
| 145|0x0000000089100000, 0x0000000089200000, 0x0000000089200000|100%| O|  |TAMS 0x0000000089200000, 0x0000000089100000| Complete 
| 146|0x0000000089200000, 0x0000000089300000, 0x0000000089300000|100%| O|  |TAMS 0x0000000089300000, 0x0000000089200000| Untracked 
| 147|0x0000000089300000, 0x0000000089400000, 0x0000000089400000|100%| O|  |TAMS 0x0000000089400000, 0x0000000089300000| Untracked 
| 148|0x0000000089400000, 0x0000000089500000, 0x0000000089500000|100%| O|  |TAMS 0x0000000089500000, 0x0000000089400000| Complete 
| 149|0x0000000089500000, 0x0000000089600000, 0x0000000089600000|100%| O|  |TAMS 0x0000000089600000, 0x0000000089500000| Untracked 
| 150|0x0000000089600000, 0x0000000089700000, 0x0000000089700000|100%| O|  |TAMS 0x0000000089700000, 0x0000000089600000| Complete 
| 151|0x0000000089700000, 0x0000000089800000, 0x0000000089800000|100%| O|  |TAMS 0x0000000089800000, 0x0000000089700000| Complete 
| 152|0x0000000089800000, 0x0000000089800000, 0x0000000089900000|  0%| F|  |TAMS 0x0000000089800000, 0x0000000089800000| Untracked 
| 153|0x0000000089900000, 0x0000000089a00000, 0x0000000089a00000|100%| O|  |TAMS 0x0000000089a00000, 0x0000000089900000| Untracked 
| 154|0x0000000089a00000, 0x0000000089b00000, 0x0000000089b00000|100%| O|  |TAMS 0x0000000089b00000, 0x0000000089a00000| Complete 
| 155|0x0000000089b00000, 0x0000000089b00000, 0x0000000089c00000|  0%| F|  |TAMS 0x0000000089b00000, 0x0000000089b00000| Untracked 
| 156|0x0000000089c00000, 0x0000000089c00000, 0x0000000089d00000|  0%| F|  |TAMS 0x0000000089c00000, 0x0000000089c00000| Untracked 
| 157|0x0000000089d00000, 0x0000000089d00000, 0x0000000089e00000|  0%| F|  |TAMS 0x0000000089d00000, 0x0000000089d00000| Untracked 
| 158|0x0000000089e00000, 0x0000000089f00000, 0x0000000089f00000|100%| O|  |TAMS 0x0000000089f00000, 0x0000000089e00000| Untracked 
| 159|0x0000000089f00000, 0x000000008a000000, 0x000000008a000000|100%| O|  |TAMS 0x000000008a000000, 0x0000000089f00000| Complete 
| 160|0x000000008a000000, 0x000000008a000000, 0x000000008a100000|  0%| F|  |TAMS 0x000000008a000000, 0x000000008a000000| Untracked 
| 161|0x000000008a100000, 0x000000008a100000, 0x000000008a200000|  0%| F|  |TAMS 0x000000008a100000, 0x000000008a100000| Untracked 
| 162|0x000000008a200000, 0x000000008a300000, 0x000000008a300000|100%| O|  |TAMS 0x000000008a300000, 0x000000008a200000| Untracked 
| 163|0x000000008a300000, 0x000000008a400000, 0x000000008a400000|100%| O|  |TAMS 0x000000008a400000, 0x000000008a300000| Untracked 
| 164|0x000000008a400000, 0x000000008a500000, 0x000000008a500000|100%| O|  |TAMS 0x000000008a500000, 0x000000008a400000| Untracked 
| 165|0x000000008a500000, 0x000000008a500000, 0x000000008a600000|  0%| F|  |TAMS 0x000000008a500000, 0x000000008a500000| Untracked 
| 166|0x000000008a600000, 0x000000008a700000, 0x000000008a700000|100%| O|  |TAMS 0x000000008a700000, 0x000000008a600000| Complete 
| 167|0x000000008a700000, 0x000000008a700000, 0x000000008a800000|  0%| F|  |TAMS 0x000000008a700000, 0x000000008a700000| Untracked 
| 168|0x000000008a800000, 0x000000008a800000, 0x000000008a900000|  0%| F|  |TAMS 0x000000008a800000, 0x000000008a800000| Untracked 
| 169|0x000000008a900000, 0x000000008a900000, 0x000000008aa00000|  0%| F|  |TAMS 0x000000008a900000, 0x000000008a900000| Untracked 
| 170|0x000000008aa00000, 0x000000008ab00000, 0x000000008ab00000|100%| O|  |TAMS 0x000000008ab00000, 0x000000008aa00000| Complete 
| 171|0x000000008ab00000, 0x000000008ab00000, 0x000000008ac00000|  0%| F|  |TAMS 0x000000008ab00000, 0x000000008ab00000| Untracked 
| 172|0x000000008ac00000, 0x000000008ac00000, 0x000000008ad00000|  0%| F|  |TAMS 0x000000008ac00000, 0x000000008ac00000| Untracked 
| 173|0x000000008ad00000, 0x000000008ae00000, 0x000000008ae00000|100%| O|  |TAMS 0x000000008ae00000, 0x000000008ad00000| Complete 
| 174|0x000000008ae00000, 0x000000008ae00000, 0x000000008af00000|  0%| F|  |TAMS 0x000000008ae00000, 0x000000008ae00000| Untracked 
| 175|0x000000008af00000, 0x000000008b000000, 0x000000008b000000|100%| O|  |TAMS 0x000000008b000000, 0x000000008af00000| Untracked 
| 176|0x000000008b000000, 0x000000008b100000, 0x000000008b100000|100%| O|  |TAMS 0x000000008b100000, 0x000000008b000000| Untracked 
| 177|0x000000008b100000, 0x000000008b100000, 0x000000008b200000|  0%| F|  |TAMS 0x000000008b100000, 0x000000008b100000| Untracked 
| 178|0x000000008b200000, 0x000000008b200000, 0x000000008b300000|  0%| F|  |TAMS 0x000000008b200000, 0x000000008b200000| Untracked 
| 179|0x000000008b300000, 0x000000008b300000, 0x000000008b400000|  0%| F|  |TAMS 0x000000008b300000, 0x000000008b300000| Untracked 
| 180|0x000000008b400000, 0x000000008b400000, 0x000000008b500000|  0%| F|  |TAMS 0x000000008b400000, 0x000000008b400000| Untracked 
| 181|0x000000008b500000, 0x000000008b500000, 0x000000008b600000|  0%| F|  |TAMS 0x000000008b500000, 0x000000008b500000| Untracked 
| 182|0x000000008b600000, 0x000000008b600000, 0x000000008b700000|  0%| F|  |TAMS 0x000000008b600000, 0x000000008b600000| Untracked 
| 183|0x000000008b700000, 0x000000008b700000, 0x000000008b800000|  0%| F|  |TAMS 0x000000008b700000, 0x000000008b700000| Untracked 
| 184|0x000000008b800000, 0x000000008b800000, 0x000000008b900000|  0%| F|  |TAMS 0x000000008b800000, 0x000000008b800000| Untracked 
| 185|0x000000008b900000, 0x000000008b900000, 0x000000008ba00000|  0%| F|  |TAMS 0x000000008b900000, 0x000000008b900000| Untracked 
| 186|0x000000008ba00000, 0x000000008ba00000, 0x000000008bb00000|  0%| F|  |TAMS 0x000000008ba00000, 0x000000008ba00000| Untracked 
| 187|0x000000008bb00000, 0x000000008bb00000, 0x000000008bc00000|  0%| F|  |TAMS 0x000000008bb00000, 0x000000008bb00000| Untracked 
| 188|0x000000008bc00000, 0x000000008bc00000, 0x000000008bd00000|  0%| F|  |TAMS 0x000000008bc00000, 0x000000008bc00000| Untracked 
| 189|0x000000008bd00000, 0x000000008bd00000, 0x000000008be00000|  0%| F|  |TAMS 0x000000008bd00000, 0x000000008bd00000| Untracked 
| 190|0x000000008be00000, 0x000000008be00000, 0x000000008bf00000|  0%| F|  |TAMS 0x000000008be00000, 0x000000008be00000| Untracked 
| 191|0x000000008bf00000, 0x000000008bf00000, 0x000000008c000000|  0%| F|  |TAMS 0x000000008bf00000, 0x000000008bf00000| Untracked 
| 192|0x000000008c000000, 0x000000008c100000, 0x000000008c100000|100%| O|  |TAMS 0x000000008c100000, 0x000000008c000000| Complete 
| 193|0x000000008c100000, 0x000000008c100000, 0x000000008c200000|  0%| F|  |TAMS 0x000000008c100000, 0x000000008c100000| Untracked 
| 194|0x000000008c200000, 0x000000008c200000, 0x000000008c300000|  0%| F|  |TAMS 0x000000008c200000, 0x000000008c200000| Untracked 
| 195|0x000000008c300000, 0x000000008c300000, 0x000000008c400000|  0%| F|  |TAMS 0x000000008c300000, 0x000000008c300000| Untracked 
| 196|0x000000008c400000, 0x000000008c400000, 0x000000008c500000|  0%| F|  |TAMS 0x000000008c400000, 0x000000008c400000| Untracked 
| 197|0x000000008c500000, 0x000000008c500000, 0x000000008c600000|  0%| F|  |TAMS 0x000000008c500000, 0x000000008c500000| Untracked 
| 198|0x000000008c600000, 0x000000008c600000, 0x000000008c700000|  0%| F|  |TAMS 0x000000008c600000, 0x000000008c600000| Untracked 
| 199|0x000000008c700000, 0x000000008c700000, 0x000000008c800000|  0%| F|  |TAMS 0x000000008c700000, 0x000000008c700000| Untracked 
| 200|0x000000008c800000, 0x000000008c800000, 0x000000008c900000|  0%| F|  |TAMS 0x000000008c800000, 0x000000008c800000| Untracked 
| 201|0x000000008c900000, 0x000000008c900000, 0x000000008ca00000|  0%| F|  |TAMS 0x000000008c900000, 0x000000008c900000| Untracked 
| 202|0x000000008ca00000, 0x000000008ca00000, 0x000000008cb00000|  0%| F|  |TAMS 0x000000008ca00000, 0x000000008ca00000| Untracked 
| 203|0x000000008cb00000, 0x000000008cb00000, 0x000000008cc00000|  0%| F|  |TAMS 0x000000008cb00000, 0x000000008cb00000| Untracked 
| 204|0x000000008cc00000, 0x000000008cc00000, 0x000000008cd00000|  0%| F|  |TAMS 0x000000008cc00000, 0x000000008cc00000| Untracked 
| 205|0x000000008cd00000, 0x000000008cd00000, 0x000000008ce00000|  0%| F|  |TAMS 0x000000008cd00000, 0x000000008cd00000| Untracked 
| 206|0x000000008ce00000, 0x000000008ce00000, 0x000000008cf00000|  0%| F|  |TAMS 0x000000008ce00000, 0x000000008ce00000| Untracked 
| 207|0x000000008cf00000, 0x000000008cf00000, 0x000000008d000000|  0%| F|  |TAMS 0x000000008cf00000, 0x000000008cf00000| Untracked 
| 208|0x000000008d000000, 0x000000008d000000, 0x000000008d100000|  0%| F|  |TAMS 0x000000008d000000, 0x000000008d000000| Untracked 
| 209|0x000000008d100000, 0x000000008d100000, 0x000000008d200000|  0%| F|  |TAMS 0x000000008d100000, 0x000000008d100000| Untracked 
| 210|0x000000008d200000, 0x000000008d200000, 0x000000008d300000|  0%| F|  |TAMS 0x000000008d200000, 0x000000008d200000| Untracked 
| 211|0x000000008d300000, 0x000000008d300000, 0x000000008d400000|  0%| F|  |TAMS 0x000000008d300000, 0x000000008d300000| Untracked 
| 212|0x000000008d400000, 0x000000008d500000, 0x000000008d500000|100%| O|  |TAMS 0x000000008d500000, 0x000000008d400000| Complete 
| 213|0x000000008d500000, 0x000000008d500000, 0x000000008d600000|  0%| F|  |TAMS 0x000000008d500000, 0x000000008d500000| Untracked 
| 214|0x000000008d600000, 0x000000008d600000, 0x000000008d700000|  0%| F|  |TAMS 0x000000008d600000, 0x000000008d600000| Untracked 
| 215|0x000000008d700000, 0x000000008d700000, 0x000000008d800000|  0%| F|  |TAMS 0x000000008d700000, 0x000000008d700000| Untracked 
| 216|0x000000008d800000, 0x000000008d800000, 0x000000008d900000|  0%| F|  |TAMS 0x000000008d800000, 0x000000008d800000| Untracked 
| 217|0x000000008d900000, 0x000000008d900000, 0x000000008da00000|  0%| F|  |TAMS 0x000000008d900000, 0x000000008d900000| Untracked 
| 218|0x000000008da00000, 0x000000008da00000, 0x000000008db00000|  0%| F|  |TAMS 0x000000008da00000, 0x000000008da00000| Untracked 
| 219|0x000000008db00000, 0x000000008db00000, 0x000000008dc00000|  0%| F|  |TAMS 0x000000008db00000, 0x000000008db00000| Untracked 
| 220|0x000000008dc00000, 0x000000008dc00000, 0x000000008dd00000|  0%| F|  |TAMS 0x000000008dc00000, 0x000000008dc00000| Untracked 
| 221|0x000000008dd00000, 0x000000008dd00000, 0x000000008de00000|  0%| F|  |TAMS 0x000000008dd00000, 0x000000008dd00000| Untracked 
| 222|0x000000008de00000, 0x000000008de00000, 0x000000008df00000|  0%| F|  |TAMS 0x000000008de00000, 0x000000008de00000| Untracked 
| 223|0x000000008df00000, 0x000000008df00000, 0x000000008e000000|  0%| F|  |TAMS 0x000000008df00000, 0x000000008df00000| Untracked 
| 224|0x000000008e000000, 0x000000008e000000, 0x000000008e100000|  0%| F|  |TAMS 0x000000008e000000, 0x000000008e000000| Untracked 
| 225|0x000000008e100000, 0x000000008e100000, 0x000000008e200000|  0%| F|  |TAMS 0x000000008e100000, 0x000000008e100000| Untracked 
| 226|0x000000008e200000, 0x000000008e200000, 0x000000008e300000|  0%| F|  |TAMS 0x000000008e200000, 0x000000008e200000| Untracked 
| 227|0x000000008e300000, 0x000000008e300000, 0x000000008e400000|  0%| F|  |TAMS 0x000000008e300000, 0x000000008e300000| Untracked 
| 228|0x000000008e400000, 0x000000008e400000, 0x000000008e500000|  0%| F|  |TAMS 0x000000008e400000, 0x000000008e400000| Untracked 
| 229|0x000000008e500000, 0x000000008e500000, 0x000000008e600000|  0%| F|  |TAMS 0x000000008e500000, 0x000000008e500000| Untracked 
| 230|0x000000008e600000, 0x000000008e600000, 0x000000008e700000|  0%| F|  |TAMS 0x000000008e600000, 0x000000008e600000| Untracked 
| 231|0x000000008e700000, 0x000000008e700000, 0x000000008e800000|  0%| F|  |TAMS 0x000000008e700000, 0x000000008e700000| Untracked 
| 232|0x000000008e800000, 0x000000008e800000, 0x000000008e900000|  0%| F|  |TAMS 0x000000008e800000, 0x000000008e800000| Untracked 
| 233|0x000000008e900000, 0x000000008e900000, 0x000000008ea00000|  0%| F|  |TAMS 0x000000008e900000, 0x000000008e900000| Untracked 
| 234|0x000000008ea00000, 0x000000008ea00000, 0x000000008eb00000|  0%| F|  |TAMS 0x000000008ea00000, 0x000000008ea00000| Untracked 
| 235|0x000000008eb00000, 0x000000008eb00000, 0x000000008ec00000|  0%| F|  |TAMS 0x000000008eb00000, 0x000000008eb00000| Untracked 
| 236|0x000000008ec00000, 0x000000008ec00000, 0x000000008ed00000|  0%| F|  |TAMS 0x000000008ec00000, 0x000000008ec00000| Untracked 
| 237|0x000000008ed00000, 0x000000008ed00000, 0x000000008ee00000|  0%| F|  |TAMS 0x000000008ed00000, 0x000000008ed00000| Untracked 
| 238|0x000000008ee00000, 0x000000008ee00000, 0x000000008ef00000|  0%| F|  |TAMS 0x000000008ee00000, 0x000000008ee00000| Untracked 
| 239|0x000000008ef00000, 0x000000008ef00000, 0x000000008f000000|  0%| F|  |TAMS 0x000000008ef00000, 0x000000008ef00000| Untracked 
| 240|0x000000008f000000, 0x000000008f000000, 0x000000008f100000|  0%| F|  |TAMS 0x000000008f000000, 0x000000008f000000| Untracked 
| 241|0x000000008f100000, 0x000000008f100000, 0x000000008f200000|  0%| F|  |TAMS 0x000000008f100000, 0x000000008f100000| Untracked 
| 242|0x000000008f200000, 0x000000008f200000, 0x000000008f300000|  0%| F|  |TAMS 0x000000008f200000, 0x000000008f200000| Untracked 
| 243|0x000000008f300000, 0x000000008f300000, 0x000000008f400000|  0%| F|  |TAMS 0x000000008f300000, 0x000000008f300000| Untracked 
| 244|0x000000008f400000, 0x000000008f400000, 0x000000008f500000|  0%| F|  |TAMS 0x000000008f400000, 0x000000008f400000| Untracked 
| 245|0x000000008f500000, 0x000000008f500000, 0x000000008f600000|  0%| F|  |TAMS 0x000000008f500000, 0x000000008f500000| Untracked 
| 246|0x000000008f600000, 0x000000008f600000, 0x000000008f700000|  0%| F|  |TAMS 0x000000008f600000, 0x000000008f600000| Untracked 
| 247|0x000000008f700000, 0x000000008f700000, 0x000000008f800000|  0%| F|  |TAMS 0x000000008f700000, 0x000000008f700000| Untracked 
| 248|0x000000008f800000, 0x000000008f800000, 0x000000008f900000|  0%| F|  |TAMS 0x000000008f800000, 0x000000008f800000| Untracked 
| 249|0x000000008f900000, 0x000000008fa00000, 0x000000008fa00000|100%| O|  |TAMS 0x000000008fa00000, 0x000000008f900000| Untracked 
| 250|0x000000008fa00000, 0x000000008fa00000, 0x000000008fb00000|  0%| F|  |TAMS 0x000000008fa00000, 0x000000008fa00000| Untracked 
| 251|0x000000008fb00000, 0x000000008fb00000, 0x000000008fc00000|  0%| F|  |TAMS 0x000000008fb00000, 0x000000008fb00000| Untracked 
| 252|0x000000008fc00000, 0x000000008fc00000, 0x000000008fd00000|  0%| F|  |TAMS 0x000000008fc00000, 0x000000008fc00000| Untracked 
| 253|0x000000008fd00000, 0x000000008fd00000, 0x000000008fe00000|  0%| F|  |TAMS 0x000000008fd00000, 0x000000008fd00000| Untracked 
| 254|0x000000008fe00000, 0x000000008fe00000, 0x000000008ff00000|  0%| F|  |TAMS 0x000000008fe00000, 0x000000008fe00000| Untracked 
| 255|0x000000008ff00000, 0x000000008ff00000, 0x0000000090000000|  0%| F|  |TAMS 0x000000008ff00000, 0x000000008ff00000| Untracked 
| 256|0x0000000090000000, 0x0000000090000000, 0x0000000090100000|  0%| F|  |TAMS 0x0000000090000000, 0x0000000090000000| Untracked 
| 257|0x0000000090100000, 0x0000000090100000, 0x0000000090200000|  0%| F|  |TAMS 0x0000000090100000, 0x0000000090100000| Untracked 
| 258|0x0000000090200000, 0x0000000090200000, 0x0000000090300000|  0%| F|  |TAMS 0x0000000090200000, 0x0000000090200000| Untracked 
| 259|0x0000000090300000, 0x0000000090300000, 0x0000000090400000|  0%| F|  |TAMS 0x0000000090300000, 0x0000000090300000| Untracked 
| 260|0x0000000090400000, 0x0000000090400000, 0x0000000090500000|  0%| F|  |TAMS 0x0000000090400000, 0x0000000090400000| Untracked 
| 261|0x0000000090500000, 0x0000000090500000, 0x0000000090600000|  0%| F|  |TAMS 0x0000000090500000, 0x0000000090500000| Untracked 
| 262|0x0000000090600000, 0x0000000090600000, 0x0000000090700000|  0%| F|  |TAMS 0x0000000090600000, 0x0000000090600000| Untracked 
| 263|0x0000000090700000, 0x0000000090700000, 0x0000000090800000|  0%| F|  |TAMS 0x0000000090700000, 0x0000000090700000| Untracked 
| 264|0x0000000090800000, 0x0000000090800000, 0x0000000090900000|  0%| F|  |TAMS 0x0000000090800000, 0x0000000090800000| Untracked 
| 265|0x0000000090900000, 0x0000000090900000, 0x0000000090a00000|  0%| F|  |TAMS 0x0000000090900000, 0x0000000090900000| Untracked 
| 266|0x0000000090a00000, 0x0000000090a00000, 0x0000000090b00000|  0%| F|  |TAMS 0x0000000090a00000, 0x0000000090a00000| Untracked 
| 267|0x0000000090b00000, 0x0000000090b00000, 0x0000000090c00000|  0%| F|  |TAMS 0x0000000090b00000, 0x0000000090b00000| Untracked 
| 268|0x0000000090c00000, 0x0000000090c00000, 0x0000000090d00000|  0%| F|  |TAMS 0x0000000090c00000, 0x0000000090c00000| Untracked 
| 269|0x0000000090d00000, 0x0000000090d00000, 0x0000000090e00000|  0%| F|  |TAMS 0x0000000090d00000, 0x0000000090d00000| Untracked 
| 270|0x0000000090e00000, 0x0000000090e00000, 0x0000000090f00000|  0%| F|  |TAMS 0x0000000090e00000, 0x0000000090e00000| Untracked 
| 271|0x0000000090f00000, 0x0000000090f00000, 0x0000000091000000|  0%| F|  |TAMS 0x0000000090f00000, 0x0000000090f00000| Untracked 
| 272|0x0000000091000000, 0x0000000091000000, 0x0000000091100000|  0%| F|  |TAMS 0x0000000091000000, 0x0000000091000000| Untracked 
| 273|0x0000000091100000, 0x0000000091100000, 0x0000000091200000|  0%| F|  |TAMS 0x0000000091100000, 0x0000000091100000| Untracked 
| 274|0x0000000091200000, 0x0000000091200000, 0x0000000091300000|  0%| F|  |TAMS 0x0000000091200000, 0x0000000091200000| Untracked 
| 275|0x0000000091300000, 0x0000000091400000, 0x0000000091400000|100%| O|  |TAMS 0x0000000091400000, 0x0000000091300000| Untracked 
| 276|0x0000000091400000, 0x0000000091500000, 0x0000000091500000|100%| O|  |TAMS 0x0000000091500000, 0x0000000091400000| Complete 
| 277|0x0000000091500000, 0x0000000091500000, 0x0000000091600000|  0%| F|  |TAMS 0x0000000091500000, 0x0000000091500000| Untracked 
| 278|0x0000000091600000, 0x0000000091600000, 0x0000000091700000|  0%| F|  |TAMS 0x0000000091600000, 0x0000000091600000| Untracked 
| 279|0x0000000091700000, 0x0000000091700000, 0x0000000091800000|  0%| F|  |TAMS 0x0000000091700000, 0x0000000091700000| Untracked 
| 280|0x0000000091800000, 0x0000000091800000, 0x0000000091900000|  0%| F|  |TAMS 0x0000000091800000, 0x0000000091800000| Untracked 
| 281|0x0000000091900000, 0x0000000091900000, 0x0000000091a00000|  0%| F|  |TAMS 0x0000000091900000, 0x0000000091900000| Untracked 
| 282|0x0000000091a00000, 0x0000000091a00000, 0x0000000091b00000|  0%| F|  |TAMS 0x0000000091a00000, 0x0000000091a00000| Untracked 
| 283|0x0000000091b00000, 0x0000000091b00000, 0x0000000091c00000|  0%| F|  |TAMS 0x0000000091b00000, 0x0000000091b00000| Untracked 
| 284|0x0000000091c00000, 0x0000000091c00000, 0x0000000091d00000|  0%| F|  |TAMS 0x0000000091c00000, 0x0000000091c00000| Untracked 
| 285|0x0000000091d00000, 0x0000000091d00000, 0x0000000091e00000|  0%| F|  |TAMS 0x0000000091d00000, 0x0000000091d00000| Untracked 
| 286|0x0000000091e00000, 0x0000000091e00000, 0x0000000091f00000|  0%| F|  |TAMS 0x0000000091e00000, 0x0000000091e00000| Untracked 
| 287|0x0000000091f00000, 0x0000000091f00000, 0x0000000092000000|  0%| F|  |TAMS 0x0000000091f00000, 0x0000000091f00000| Untracked 
| 288|0x0000000092000000, 0x0000000092000000, 0x0000000092100000|  0%| F|  |TAMS 0x0000000092000000, 0x0000000092000000| Untracked 
| 289|0x0000000092100000, 0x0000000092100000, 0x0000000092200000|  0%| F|  |TAMS 0x0000000092100000, 0x0000000092100000| Untracked 
| 290|0x0000000092200000, 0x0000000092200000, 0x0000000092300000|  0%| F|  |TAMS 0x0000000092200000, 0x0000000092200000| Untracked 
| 291|0x0000000092300000, 0x0000000092300000, 0x0000000092400000|  0%| F|  |TAMS 0x0000000092300000, 0x0000000092300000| Untracked 
| 292|0x0000000092400000, 0x0000000092400000, 0x0000000092500000|  0%| F|  |TAMS 0x0000000092400000, 0x0000000092400000| Untracked 
| 293|0x0000000092500000, 0x0000000092500000, 0x0000000092600000|  0%| F|  |TAMS 0x0000000092500000, 0x0000000092500000| Untracked 
| 294|0x0000000092600000, 0x0000000092600000, 0x0000000092700000|  0%| F|  |TAMS 0x0000000092600000, 0x0000000092600000| Untracked 
| 295|0x0000000092700000, 0x0000000092700000, 0x0000000092800000|  0%| F|  |TAMS 0x0000000092700000, 0x0000000092700000| Untracked 
| 296|0x0000000092800000, 0x0000000092800000, 0x0000000092900000|  0%| F|  |TAMS 0x0000000092800000, 0x0000000092800000| Untracked 
| 297|0x0000000092900000, 0x0000000092900000, 0x0000000092a00000|  0%| F|  |TAMS 0x0000000092900000, 0x0000000092900000| Untracked 
| 298|0x0000000092a00000, 0x0000000092a00000, 0x0000000092b00000|  0%| F|  |TAMS 0x0000000092a00000, 0x0000000092a00000| Untracked 
| 299|0x0000000092b00000, 0x0000000092b00000, 0x0000000092c00000|  0%| F|  |TAMS 0x0000000092b00000, 0x0000000092b00000| Untracked 
| 300|0x0000000092c00000, 0x0000000092c00000, 0x0000000092d00000|  0%| F|  |TAMS 0x0000000092c00000, 0x0000000092c00000| Untracked 
| 301|0x0000000092d00000, 0x0000000092d00000, 0x0000000092e00000|  0%| F|  |TAMS 0x0000000092d00000, 0x0000000092d00000| Untracked 
| 302|0x0000000092e00000, 0x0000000092e00000, 0x0000000092f00000|  0%| F|  |TAMS 0x0000000092e00000, 0x0000000092e00000| Untracked 
| 303|0x0000000092f00000, 0x0000000092f00000, 0x0000000093000000|  0%| F|  |TAMS 0x0000000092f00000, 0x0000000092f00000| Untracked 
| 304|0x0000000093000000, 0x0000000093000000, 0x0000000093100000|  0%| F|  |TAMS 0x0000000093000000, 0x0000000093000000| Untracked 
| 305|0x0000000093100000, 0x0000000093100000, 0x0000000093200000|  0%| F|  |TAMS 0x0000000093100000, 0x0000000093100000| Untracked 
| 306|0x0000000093200000, 0x0000000093200000, 0x0000000093300000|  0%| F|  |TAMS 0x0000000093200000, 0x0000000093200000| Untracked 
| 307|0x0000000093300000, 0x0000000093300000, 0x0000000093400000|  0%| F|  |TAMS 0x0000000093300000, 0x0000000093300000| Untracked 
| 308|0x0000000093400000, 0x0000000093400000, 0x0000000093500000|  0%| F|  |TAMS 0x0000000093400000, 0x0000000093400000| Untracked 
| 309|0x0000000093500000, 0x0000000093500000, 0x0000000093600000|  0%| F|  |TAMS 0x0000000093500000, 0x0000000093500000| Untracked 
| 310|0x0000000093600000, 0x0000000093600000, 0x0000000093700000|  0%| F|  |TAMS 0x0000000093600000, 0x0000000093600000| Untracked 
| 311|0x0000000093700000, 0x0000000093700000, 0x0000000093800000|  0%| F|  |TAMS 0x0000000093700000, 0x0000000093700000| Untracked 
| 312|0x0000000093800000, 0x0000000093800000, 0x0000000093900000|  0%| F|  |TAMS 0x0000000093800000, 0x0000000093800000| Untracked 
| 313|0x0000000093900000, 0x0000000093900000, 0x0000000093a00000|  0%| F|  |TAMS 0x0000000093900000, 0x0000000093900000| Untracked 
| 314|0x0000000093a00000, 0x0000000093a00000, 0x0000000093b00000|  0%| F|  |TAMS 0x0000000093a00000, 0x0000000093a00000| Untracked 
| 315|0x0000000093b00000, 0x0000000093b00000, 0x0000000093c00000|  0%| F|  |TAMS 0x0000000093b00000, 0x0000000093b00000| Untracked 
| 316|0x0000000093c00000, 0x0000000093c00000, 0x0000000093d00000|  0%| F|  |TAMS 0x0000000093c00000, 0x0000000093c00000| Untracked 
| 317|0x0000000093d00000, 0x0000000093d00000, 0x0000000093e00000|  0%| F|  |TAMS 0x0000000093d00000, 0x0000000093d00000| Untracked 
| 318|0x0000000093e00000, 0x0000000093e443a0, 0x0000000093f00000| 26%| S|CS|TAMS 0x0000000093e00000, 0x0000000093e00000| Complete 
| 319|0x0000000093f00000, 0x0000000094000000, 0x0000000094000000|100%| S|CS|TAMS 0x0000000093f00000, 0x0000000093f00000| Complete 
| 320|0x0000000094000000, 0x0000000094100000, 0x0000000094100000|100%| S|CS|TAMS 0x0000000094000000, 0x0000000094000000| Complete 
| 321|0x0000000094100000, 0x0000000094200000, 0x0000000094200000|100%| S|CS|TAMS 0x0000000094100000, 0x0000000094100000| Complete 
| 322|0x0000000094200000, 0x0000000094300000, 0x0000000094300000|100%| S|CS|TAMS 0x0000000094200000, 0x0000000094200000| Complete 
| 323|0x0000000094300000, 0x0000000094400000, 0x0000000094400000|100%| S|CS|TAMS 0x0000000094300000, 0x0000000094300000| Complete 
| 324|0x0000000094400000, 0x0000000094500000, 0x0000000094500000|100%| S|CS|TAMS 0x0000000094400000, 0x0000000094400000| Complete 
| 325|0x0000000094500000, 0x0000000094600000, 0x0000000094600000|100%| S|CS|TAMS 0x0000000094500000, 0x0000000094500000| Complete 
| 326|0x0000000094600000, 0x0000000094700000, 0x0000000094700000|100%| S|CS|TAMS 0x0000000094600000, 0x0000000094600000| Complete 
| 327|0x0000000094700000, 0x0000000094800000, 0x0000000094800000|100%| S|CS|TAMS 0x0000000094700000, 0x0000000094700000| Complete 
| 328|0x0000000094800000, 0x0000000094900000, 0x0000000094900000|100%| S|CS|TAMS 0x0000000094800000, 0x0000000094800000| Complete 
| 329|0x0000000094900000, 0x0000000094a00000, 0x0000000094a00000|100%| S|CS|TAMS 0x0000000094900000, 0x0000000094900000| Complete 
| 330|0x0000000094a00000, 0x0000000094b00000, 0x0000000094b00000|100%| S|CS|TAMS 0x0000000094a00000, 0x0000000094a00000| Complete 
| 331|0x0000000094b00000, 0x0000000094c00000, 0x0000000094c00000|100%| S|CS|TAMS 0x0000000094b00000, 0x0000000094b00000| Complete 
| 332|0x0000000094c00000, 0x0000000094d00000, 0x0000000094d00000|100%| S|CS|TAMS 0x0000000094c00000, 0x0000000094c00000| Complete 
| 333|0x0000000094d00000, 0x0000000094e00000, 0x0000000094e00000|100%| S|CS|TAMS 0x0000000094d00000, 0x0000000094d00000| Complete 
| 334|0x0000000094e00000, 0x0000000094e00000, 0x0000000094f00000|  0%| F|  |TAMS 0x0000000094e00000, 0x0000000094e00000| Untracked 
| 335|0x0000000094f00000, 0x0000000094f00000, 0x0000000095000000|  0%| F|  |TAMS 0x0000000094f00000, 0x0000000094f00000| Untracked 
| 336|0x0000000095000000, 0x0000000095000000, 0x0000000095100000|  0%| F|  |TAMS 0x0000000095000000, 0x0000000095000000| Untracked 
| 337|0x0000000095100000, 0x0000000095100000, 0x0000000095200000|  0%| F|  |TAMS 0x0000000095100000, 0x0000000095100000| Untracked 
| 338|0x0000000095200000, 0x0000000095200000, 0x0000000095300000|  0%| F|  |TAMS 0x0000000095200000, 0x0000000095200000| Untracked 
| 339|0x0000000095300000, 0x0000000095300000, 0x0000000095400000|  0%| F|  |TAMS 0x0000000095300000, 0x0000000095300000| Untracked 
| 340|0x0000000095400000, 0x0000000095400000, 0x0000000095500000|  0%| F|  |TAMS 0x0000000095400000, 0x0000000095400000| Untracked 
| 341|0x0000000095500000, 0x0000000095500000, 0x0000000095600000|  0%| F|  |TAMS 0x0000000095500000, 0x0000000095500000| Untracked 
| 342|0x0000000095600000, 0x0000000095600000, 0x0000000095700000|  0%| F|  |TAMS 0x0000000095600000, 0x0000000095600000| Untracked 
| 343|0x0000000095700000, 0x0000000095700000, 0x0000000095800000|  0%| F|  |TAMS 0x0000000095700000, 0x0000000095700000| Untracked 
| 344|0x0000000095800000, 0x0000000095800000, 0x0000000095900000|  0%| F|  |TAMS 0x0000000095800000, 0x0000000095800000| Untracked 
| 345|0x0000000095900000, 0x0000000095900000, 0x0000000095a00000|  0%| F|  |TAMS 0x0000000095900000, 0x0000000095900000| Untracked 
| 346|0x0000000095a00000, 0x0000000095a00000, 0x0000000095b00000|  0%| F|  |TAMS 0x0000000095a00000, 0x0000000095a00000| Untracked 
| 347|0x0000000095b00000, 0x0000000095b00000, 0x0000000095c00000|  0%| F|  |TAMS 0x0000000095b00000, 0x0000000095b00000| Untracked 
| 348|0x0000000095c00000, 0x0000000095c00000, 0x0000000095d00000|  0%| F|  |TAMS 0x0000000095c00000, 0x0000000095c00000| Untracked 
| 349|0x0000000095d00000, 0x0000000095d00000, 0x0000000095e00000|  0%| F|  |TAMS 0x0000000095d00000, 0x0000000095d00000| Untracked 
| 350|0x0000000095e00000, 0x0000000095e00000, 0x0000000095f00000|  0%| F|  |TAMS 0x0000000095e00000, 0x0000000095e00000| Untracked 
| 351|0x0000000095f00000, 0x0000000095f00000, 0x0000000096000000|  0%| F|  |TAMS 0x0000000095f00000, 0x0000000095f00000| Untracked 
| 352|0x0000000096000000, 0x0000000096000000, 0x0000000096100000|  0%| F|  |TAMS 0x0000000096000000, 0x0000000096000000| Untracked 
| 353|0x0000000096100000, 0x0000000096100000, 0x0000000096200000|  0%| F|  |TAMS 0x0000000096100000, 0x0000000096100000| Untracked 
| 354|0x0000000096200000, 0x0000000096200000, 0x0000000096300000|  0%| F|  |TAMS 0x0000000096200000, 0x0000000096200000| Untracked 
| 355|0x0000000096300000, 0x0000000096300000, 0x0000000096400000|  0%| F|  |TAMS 0x0000000096300000, 0x0000000096300000| Untracked 
| 356|0x0000000096400000, 0x0000000096400000, 0x0000000096500000|  0%| F|  |TAMS 0x0000000096400000, 0x0000000096400000| Untracked 
| 357|0x0000000096500000, 0x0000000096500000, 0x0000000096600000|  0%| F|  |TAMS 0x0000000096500000, 0x0000000096500000| Untracked 
| 358|0x0000000096600000, 0x0000000096600000, 0x0000000096700000|  0%| F|  |TAMS 0x0000000096600000, 0x0000000096600000| Untracked 
| 359|0x0000000096700000, 0x0000000096700000, 0x0000000096800000|  0%| F|  |TAMS 0x0000000096700000, 0x0000000096700000| Untracked 
| 360|0x0000000096800000, 0x0000000096800000, 0x0000000096900000|  0%| F|  |TAMS 0x0000000096800000, 0x0000000096800000| Untracked 
| 361|0x0000000096900000, 0x0000000096900000, 0x0000000096a00000|  0%| F|  |TAMS 0x0000000096900000, 0x0000000096900000| Untracked 
| 362|0x0000000096a00000, 0x0000000096a00000, 0x0000000096b00000|  0%| F|  |TAMS 0x0000000096a00000, 0x0000000096a00000| Untracked 
| 363|0x0000000096b00000, 0x0000000096b00000, 0x0000000096c00000|  0%| F|  |TAMS 0x0000000096b00000, 0x0000000096b00000| Untracked 
| 364|0x0000000096c00000, 0x0000000096c00000, 0x0000000096d00000|  0%| F|  |TAMS 0x0000000096c00000, 0x0000000096c00000| Untracked 
| 365|0x0000000096d00000, 0x0000000096d00000, 0x0000000096e00000|  0%| F|  |TAMS 0x0000000096d00000, 0x0000000096d00000| Untracked 
| 366|0x0000000096e00000, 0x0000000096e00000, 0x0000000096f00000|  0%| F|  |TAMS 0x0000000096e00000, 0x0000000096e00000| Untracked 
| 367|0x0000000096f00000, 0x0000000096f00000, 0x0000000097000000|  0%| F|  |TAMS 0x0000000096f00000, 0x0000000096f00000| Untracked 
| 368|0x0000000097000000, 0x0000000097000000, 0x0000000097100000|  0%| F|  |TAMS 0x0000000097000000, 0x0000000097000000| Untracked 
| 369|0x0000000097100000, 0x0000000097100000, 0x0000000097200000|  0%| F|  |TAMS 0x0000000097100000, 0x0000000097100000| Untracked 
| 370|0x0000000097200000, 0x0000000097200000, 0x0000000097300000|  0%| F|  |TAMS 0x0000000097200000, 0x0000000097200000| Untracked 
| 371|0x0000000097300000, 0x0000000097300000, 0x0000000097400000|  0%| F|  |TAMS 0x0000000097300000, 0x0000000097300000| Untracked 
| 372|0x0000000097400000, 0x0000000097400000, 0x0000000097500000|  0%| F|  |TAMS 0x0000000097400000, 0x0000000097400000| Untracked 
| 373|0x0000000097500000, 0x0000000097500000, 0x0000000097600000|  0%| F|  |TAMS 0x0000000097500000, 0x0000000097500000| Untracked 
| 374|0x0000000097600000, 0x0000000097600000, 0x0000000097700000|  0%| F|  |TAMS 0x0000000097600000, 0x0000000097600000| Untracked 
| 375|0x0000000097700000, 0x0000000097700000, 0x0000000097800000|  0%| F|  |TAMS 0x0000000097700000, 0x0000000097700000| Untracked 
| 376|0x0000000097800000, 0x0000000097800000, 0x0000000097900000|  0%| F|  |TAMS 0x0000000097800000, 0x0000000097800000| Untracked 
| 377|0x0000000097900000, 0x0000000097900000, 0x0000000097a00000|  0%| F|  |TAMS 0x0000000097900000, 0x0000000097900000| Untracked 
| 378|0x0000000097a00000, 0x0000000097a00000, 0x0000000097b00000|  0%| F|  |TAMS 0x0000000097a00000, 0x0000000097a00000| Untracked 
| 379|0x0000000097b00000, 0x0000000097b00000, 0x0000000097c00000|  0%| F|  |TAMS 0x0000000097b00000, 0x0000000097b00000| Untracked 
| 380|0x0000000097c00000, 0x0000000097c00000, 0x0000000097d00000|  0%| F|  |TAMS 0x0000000097c00000, 0x0000000097c00000| Untracked 
| 381|0x0000000097d00000, 0x0000000097d00000, 0x0000000097e00000|  0%| F|  |TAMS 0x0000000097d00000, 0x0000000097d00000| Untracked 
| 382|0x0000000097e00000, 0x0000000097e00000, 0x0000000097f00000|  0%| F|  |TAMS 0x0000000097e00000, 0x0000000097e00000| Untracked 
| 383|0x0000000097f00000, 0x0000000097f00000, 0x0000000098000000|  0%| F|  |TAMS 0x0000000097f00000, 0x0000000097f00000| Untracked 
| 384|0x0000000098000000, 0x0000000098000000, 0x0000000098100000|  0%| F|  |TAMS 0x0000000098000000, 0x0000000098000000| Untracked 
| 385|0x0000000098100000, 0x0000000098100000, 0x0000000098200000|  0%| F|  |TAMS 0x0000000098100000, 0x0000000098100000| Untracked 
| 386|0x0000000098200000, 0x0000000098200000, 0x0000000098300000|  0%| F|  |TAMS 0x0000000098200000, 0x0000000098200000| Untracked 
| 387|0x0000000098300000, 0x0000000098300000, 0x0000000098400000|  0%| F|  |TAMS 0x0000000098300000, 0x0000000098300000| Untracked 
| 388|0x0000000098400000, 0x0000000098400000, 0x0000000098500000|  0%| F|  |TAMS 0x0000000098400000, 0x0000000098400000| Untracked 
| 389|0x0000000098500000, 0x0000000098500000, 0x0000000098600000|  0%| F|  |TAMS 0x0000000098500000, 0x0000000098500000| Untracked 
| 390|0x0000000098600000, 0x0000000098600000, 0x0000000098700000|  0%| F|  |TAMS 0x0000000098600000, 0x0000000098600000| Untracked 
| 391|0x0000000098700000, 0x0000000098700000, 0x0000000098800000|  0%| F|  |TAMS 0x0000000098700000, 0x0000000098700000| Untracked 
| 392|0x0000000098800000, 0x0000000098800000, 0x0000000098900000|  0%| F|  |TAMS 0x0000000098800000, 0x0000000098800000| Untracked 
| 393|0x0000000098900000, 0x0000000098900000, 0x0000000098a00000|  0%| F|  |TAMS 0x0000000098900000, 0x0000000098900000| Untracked 
| 394|0x0000000098a00000, 0x0000000098a00000, 0x0000000098b00000|  0%| F|  |TAMS 0x0000000098a00000, 0x0000000098a00000| Untracked 
| 395|0x0000000098b00000, 0x0000000098b00000, 0x0000000098c00000|  0%| F|  |TAMS 0x0000000098b00000, 0x0000000098b00000| Untracked 
| 396|0x0000000098c00000, 0x0000000098c00000, 0x0000000098d00000|  0%| F|  |TAMS 0x0000000098c00000, 0x0000000098c00000| Untracked 
| 397|0x0000000098d00000, 0x0000000098d00000, 0x0000000098e00000|  0%| F|  |TAMS 0x0000000098d00000, 0x0000000098d00000| Untracked 
| 398|0x0000000098e00000, 0x0000000098e00000, 0x0000000098f00000|  0%| F|  |TAMS 0x0000000098e00000, 0x0000000098e00000| Untracked 
| 399|0x0000000098f00000, 0x0000000098f00000, 0x0000000099000000|  0%| F|  |TAMS 0x0000000098f00000, 0x0000000098f00000| Untracked 
| 400|0x0000000099000000, 0x0000000099000000, 0x0000000099100000|  0%| F|  |TAMS 0x0000000099000000, 0x0000000099000000| Untracked 
| 401|0x0000000099100000, 0x0000000099100000, 0x0000000099200000|  0%| F|  |TAMS 0x0000000099100000, 0x0000000099100000| Untracked 
| 402|0x0000000099200000, 0x0000000099200000, 0x0000000099300000|  0%| F|  |TAMS 0x0000000099200000, 0x0000000099200000| Untracked 
| 403|0x0000000099300000, 0x0000000099300000, 0x0000000099400000|  0%| F|  |TAMS 0x0000000099300000, 0x0000000099300000| Untracked 
| 404|0x0000000099400000, 0x0000000099400000, 0x0000000099500000|  0%| F|  |TAMS 0x0000000099400000, 0x0000000099400000| Untracked 
| 405|0x0000000099500000, 0x0000000099500000, 0x0000000099600000|  0%| F|  |TAMS 0x0000000099500000, 0x0000000099500000| Untracked 
| 406|0x0000000099600000, 0x0000000099600000, 0x0000000099700000|  0%| F|  |TAMS 0x0000000099600000, 0x0000000099600000| Untracked 
| 407|0x0000000099700000, 0x0000000099700000, 0x0000000099800000|  0%| F|  |TAMS 0x0000000099700000, 0x0000000099700000| Untracked 
| 408|0x0000000099800000, 0x0000000099800000, 0x0000000099900000|  0%| F|  |TAMS 0x0000000099800000, 0x0000000099800000| Untracked 
| 409|0x0000000099900000, 0x0000000099900000, 0x0000000099a00000|  0%| F|  |TAMS 0x0000000099900000, 0x0000000099900000| Untracked 
| 410|0x0000000099a00000, 0x0000000099a00000, 0x0000000099b00000|  0%| F|  |TAMS 0x0000000099a00000, 0x0000000099a00000| Untracked 
| 411|0x0000000099b00000, 0x0000000099b00000, 0x0000000099c00000|  0%| F|  |TAMS 0x0000000099b00000, 0x0000000099b00000| Untracked 
| 412|0x0000000099c00000, 0x0000000099c00000, 0x0000000099d00000|  0%| F|  |TAMS 0x0000000099c00000, 0x0000000099c00000| Untracked 
| 413|0x0000000099d00000, 0x0000000099d00000, 0x0000000099e00000|  0%| F|  |TAMS 0x0000000099d00000, 0x0000000099d00000| Untracked 
| 414|0x0000000099e00000, 0x0000000099e00000, 0x0000000099f00000|  0%| F|  |TAMS 0x0000000099e00000, 0x0000000099e00000| Untracked 
| 415|0x0000000099f00000, 0x0000000099f00000, 0x000000009a000000|  0%| F|  |TAMS 0x0000000099f00000, 0x0000000099f00000| Untracked 
| 416|0x000000009a000000, 0x000000009a000000, 0x000000009a100000|  0%| F|  |TAMS 0x000000009a000000, 0x000000009a000000| Untracked 
| 417|0x000000009a100000, 0x000000009a100000, 0x000000009a200000|  0%| F|  |TAMS 0x000000009a100000, 0x000000009a100000| Untracked 
| 418|0x000000009a200000, 0x000000009a200000, 0x000000009a300000|  0%| F|  |TAMS 0x000000009a200000, 0x000000009a200000| Untracked 
| 419|0x000000009a300000, 0x000000009a300000, 0x000000009a400000|  0%| F|  |TAMS 0x000000009a300000, 0x000000009a300000| Untracked 
| 420|0x000000009a400000, 0x000000009a400000, 0x000000009a500000|  0%| F|  |TAMS 0x000000009a400000, 0x000000009a400000| Untracked 
| 421|0x000000009a500000, 0x000000009a500000, 0x000000009a600000|  0%| F|  |TAMS 0x000000009a500000, 0x000000009a500000| Untracked 
| 422|0x000000009a600000, 0x000000009a600000, 0x000000009a700000|  0%| F|  |TAMS 0x000000009a600000, 0x000000009a600000| Untracked 
| 423|0x000000009a700000, 0x000000009a700000, 0x000000009a800000|  0%| F|  |TAMS 0x000000009a700000, 0x000000009a700000| Untracked 
| 424|0x000000009a800000, 0x000000009a800000, 0x000000009a900000|  0%| F|  |TAMS 0x000000009a800000, 0x000000009a800000| Untracked 
| 425|0x000000009a900000, 0x000000009a900000, 0x000000009aa00000|  0%| F|  |TAMS 0x000000009a900000, 0x000000009a900000| Untracked 
| 426|0x000000009aa00000, 0x000000009aa00000, 0x000000009ab00000|  0%| F|  |TAMS 0x000000009aa00000, 0x000000009aa00000| Untracked 
| 427|0x000000009ab00000, 0x000000009ab00000, 0x000000009ac00000|  0%| F|  |TAMS 0x000000009ab00000, 0x000000009ab00000| Untracked 
| 428|0x000000009ac00000, 0x000000009ac00000, 0x000000009ad00000|  0%| F|  |TAMS 0x000000009ac00000, 0x000000009ac00000| Untracked 
| 429|0x000000009ad00000, 0x000000009ad00000, 0x000000009ae00000|  0%| F|  |TAMS 0x000000009ad00000, 0x000000009ad00000| Untracked 
| 430|0x000000009ae00000, 0x000000009ae00000, 0x000000009af00000|  0%| F|  |TAMS 0x000000009ae00000, 0x000000009ae00000| Untracked 
| 431|0x000000009af00000, 0x000000009af00000, 0x000000009b000000|  0%| F|  |TAMS 0x000000009af00000, 0x000000009af00000| Untracked 
| 432|0x000000009b000000, 0x000000009b000000, 0x000000009b100000|  0%| F|  |TAMS 0x000000009b000000, 0x000000009b000000| Untracked 
| 433|0x000000009b100000, 0x000000009b100000, 0x000000009b200000|  0%| F|  |TAMS 0x000000009b100000, 0x000000009b100000| Untracked 
| 434|0x000000009b200000, 0x000000009b200000, 0x000000009b300000|  0%| F|  |TAMS 0x000000009b200000, 0x000000009b200000| Untracked 
| 435|0x000000009b300000, 0x000000009b300000, 0x000000009b400000|  0%| F|  |TAMS 0x000000009b300000, 0x000000009b300000| Untracked 
| 436|0x000000009b400000, 0x000000009b400000, 0x000000009b500000|  0%| F|  |TAMS 0x000000009b400000, 0x000000009b400000| Untracked 
| 437|0x000000009b500000, 0x000000009b500000, 0x000000009b600000|  0%| F|  |TAMS 0x000000009b500000, 0x000000009b500000| Untracked 
| 438|0x000000009b600000, 0x000000009b600000, 0x000000009b700000|  0%| F|  |TAMS 0x000000009b600000, 0x000000009b600000| Untracked 
| 439|0x000000009b700000, 0x000000009b700000, 0x000000009b800000|  0%| F|  |TAMS 0x000000009b700000, 0x000000009b700000| Untracked 
| 440|0x000000009b800000, 0x000000009b800000, 0x000000009b900000|  0%| F|  |TAMS 0x000000009b800000, 0x000000009b800000| Untracked 
| 441|0x000000009b900000, 0x000000009b900000, 0x000000009ba00000|  0%| F|  |TAMS 0x000000009b900000, 0x000000009b900000| Untracked 
| 442|0x000000009ba00000, 0x000000009ba00000, 0x000000009bb00000|  0%| F|  |TAMS 0x000000009ba00000, 0x000000009ba00000| Untracked 
| 443|0x000000009bb00000, 0x000000009bb00000, 0x000000009bc00000|  0%| F|  |TAMS 0x000000009bb00000, 0x000000009bb00000| Untracked 
| 444|0x000000009bc00000, 0x000000009bc00000, 0x000000009bd00000|  0%| F|  |TAMS 0x000000009bc00000, 0x000000009bc00000| Untracked 
| 445|0x000000009bd00000, 0x000000009bd00000, 0x000000009be00000|  0%| F|  |TAMS 0x000000009bd00000, 0x000000009bd00000| Untracked 
| 446|0x000000009be00000, 0x000000009be00000, 0x000000009bf00000|  0%| F|  |TAMS 0x000000009be00000, 0x000000009be00000| Untracked 
| 447|0x000000009bf00000, 0x000000009bf00000, 0x000000009c000000|  0%| F|  |TAMS 0x000000009bf00000, 0x000000009bf00000| Untracked 
| 448|0x000000009c000000, 0x000000009c000000, 0x000000009c100000|  0%| F|  |TAMS 0x000000009c000000, 0x000000009c000000| Untracked 
| 449|0x000000009c100000, 0x000000009c100000, 0x000000009c200000|  0%| F|  |TAMS 0x000000009c100000, 0x000000009c100000| Untracked 
| 450|0x000000009c200000, 0x000000009c200000, 0x000000009c300000|  0%| F|  |TAMS 0x000000009c200000, 0x000000009c200000| Untracked 
| 451|0x000000009c300000, 0x000000009c300000, 0x000000009c400000|  0%| F|  |TAMS 0x000000009c300000, 0x000000009c300000| Untracked 
| 452|0x000000009c400000, 0x000000009c400000, 0x000000009c500000|  0%| F|  |TAMS 0x000000009c400000, 0x000000009c400000| Untracked 
| 453|0x000000009c500000, 0x000000009c500000, 0x000000009c600000|  0%| F|  |TAMS 0x000000009c500000, 0x000000009c500000| Untracked 
| 454|0x000000009c600000, 0x000000009c600000, 0x000000009c700000|  0%| F|  |TAMS 0x000000009c600000, 0x000000009c600000| Untracked 
| 455|0x000000009c700000, 0x000000009c700000, 0x000000009c800000|  0%| F|  |TAMS 0x000000009c700000, 0x000000009c700000| Untracked 
| 456|0x000000009c800000, 0x000000009c800000, 0x000000009c900000|  0%| F|  |TAMS 0x000000009c800000, 0x000000009c800000| Untracked 
| 457|0x000000009c900000, 0x000000009c900000, 0x000000009ca00000|  0%| F|  |TAMS 0x000000009c900000, 0x000000009c900000| Untracked 
| 458|0x000000009ca00000, 0x000000009ca00000, 0x000000009cb00000|  0%| F|  |TAMS 0x000000009ca00000, 0x000000009ca00000| Untracked 
| 459|0x000000009cb00000, 0x000000009cb00000, 0x000000009cc00000|  0%| F|  |TAMS 0x000000009cb00000, 0x000000009cb00000| Untracked 
| 460|0x000000009cc00000, 0x000000009cc00000, 0x000000009cd00000|  0%| F|  |TAMS 0x000000009cc00000, 0x000000009cc00000| Untracked 
| 461|0x000000009cd00000, 0x000000009cd00000, 0x000000009ce00000|  0%| F|  |TAMS 0x000000009cd00000, 0x000000009cd00000| Untracked 
| 462|0x000000009ce00000, 0x000000009ce00000, 0x000000009cf00000|  0%| F|  |TAMS 0x000000009ce00000, 0x000000009ce00000| Untracked 
| 463|0x000000009cf00000, 0x000000009cf00000, 0x000000009d000000|  0%| F|  |TAMS 0x000000009cf00000, 0x000000009cf00000| Untracked 
| 464|0x000000009d000000, 0x000000009d000000, 0x000000009d100000|  0%| F|  |TAMS 0x000000009d000000, 0x000000009d000000| Untracked 
| 465|0x000000009d100000, 0x000000009d100000, 0x000000009d200000|  0%| F|  |TAMS 0x000000009d100000, 0x000000009d100000| Untracked 
| 466|0x000000009d200000, 0x000000009d200000, 0x000000009d300000|  0%| F|  |TAMS 0x000000009d200000, 0x000000009d200000| Untracked 
| 467|0x000000009d300000, 0x000000009d300000, 0x000000009d400000|  0%| F|  |TAMS 0x000000009d300000, 0x000000009d300000| Untracked 
| 468|0x000000009d400000, 0x000000009d400000, 0x000000009d500000|  0%| F|  |TAMS 0x000000009d400000, 0x000000009d400000| Untracked 
| 469|0x000000009d500000, 0x000000009d500000, 0x000000009d600000|  0%| F|  |TAMS 0x000000009d500000, 0x000000009d500000| Untracked 
| 470|0x000000009d600000, 0x000000009d600000, 0x000000009d700000|  0%| F|  |TAMS 0x000000009d600000, 0x000000009d600000| Untracked 
| 471|0x000000009d700000, 0x000000009d700000, 0x000000009d800000|  0%| F|  |TAMS 0x000000009d700000, 0x000000009d700000| Untracked 
| 472|0x000000009d800000, 0x000000009d800000, 0x000000009d900000|  0%| F|  |TAMS 0x000000009d800000, 0x000000009d800000| Untracked 
| 473|0x000000009d900000, 0x000000009d900000, 0x000000009da00000|  0%| F|  |TAMS 0x000000009d900000, 0x000000009d900000| Untracked 
| 474|0x000000009da00000, 0x000000009da00000, 0x000000009db00000|  0%| F|  |TAMS 0x000000009da00000, 0x000000009da00000| Untracked 
| 475|0x000000009db00000, 0x000000009db00000, 0x000000009dc00000|  0%| F|  |TAMS 0x000000009db00000, 0x000000009db00000| Untracked 
| 476|0x000000009dc00000, 0x000000009dc00000, 0x000000009dd00000|  0%| F|  |TAMS 0x000000009dc00000, 0x000000009dc00000| Untracked 
| 477|0x000000009dd00000, 0x000000009dd00000, 0x000000009de00000|  0%| F|  |TAMS 0x000000009dd00000, 0x000000009dd00000| Untracked 
| 478|0x000000009de00000, 0x000000009de00000, 0x000000009df00000|  0%| F|  |TAMS 0x000000009de00000, 0x000000009de00000| Untracked 
| 479|0x000000009df00000, 0x000000009df00000, 0x000000009e000000|  0%| F|  |TAMS 0x000000009df00000, 0x000000009df00000| Untracked 
| 480|0x000000009e000000, 0x000000009e000000, 0x000000009e100000|  0%| F|  |TAMS 0x000000009e000000, 0x000000009e000000| Untracked 
| 481|0x000000009e100000, 0x000000009e100000, 0x000000009e200000|  0%| F|  |TAMS 0x000000009e100000, 0x000000009e100000| Untracked 
| 482|0x000000009e200000, 0x000000009e200000, 0x000000009e300000|  0%| F|  |TAMS 0x000000009e200000, 0x000000009e200000| Untracked 
| 483|0x000000009e300000, 0x000000009e300000, 0x000000009e400000|  0%| F|  |TAMS 0x000000009e300000, 0x000000009e300000| Untracked 
| 484|0x000000009e400000, 0x000000009e400000, 0x000000009e500000|  0%| F|  |TAMS 0x000000009e400000, 0x000000009e400000| Untracked 
| 485|0x000000009e500000, 0x000000009e500000, 0x000000009e600000|  0%| F|  |TAMS 0x000000009e500000, 0x000000009e500000| Untracked 
| 486|0x000000009e600000, 0x000000009e600000, 0x000000009e700000|  0%| F|  |TAMS 0x000000009e600000, 0x000000009e600000| Untracked 
| 487|0x000000009e700000, 0x000000009e700000, 0x000000009e800000|  0%| F|  |TAMS 0x000000009e700000, 0x000000009e700000| Untracked 
| 488|0x000000009e800000, 0x000000009e800000, 0x000000009e900000|  0%| F|  |TAMS 0x000000009e800000, 0x000000009e800000| Untracked 
| 489|0x000000009e900000, 0x000000009e900000, 0x000000009ea00000|  0%| F|  |TAMS 0x000000009e900000, 0x000000009e900000| Untracked 
| 490|0x000000009ea00000, 0x000000009ea00000, 0x000000009eb00000|  0%| F|  |TAMS 0x000000009ea00000, 0x000000009ea00000| Untracked 
| 491|0x000000009eb00000, 0x000000009eb00000, 0x000000009ec00000|  0%| F|  |TAMS 0x000000009eb00000, 0x000000009eb00000| Untracked 
| 492|0x000000009ec00000, 0x000000009ec00000, 0x000000009ed00000|  0%| F|  |TAMS 0x000000009ec00000, 0x000000009ec00000| Untracked 
| 493|0x000000009ed00000, 0x000000009ed00000, 0x000000009ee00000|  0%| F|  |TAMS 0x000000009ed00000, 0x000000009ed00000| Untracked 
| 494|0x000000009ee00000, 0x000000009ee00000, 0x000000009ef00000|  0%| F|  |TAMS 0x000000009ee00000, 0x000000009ee00000| Untracked 
| 495|0x000000009ef00000, 0x000000009ef00000, 0x000000009f000000|  0%| F|  |TAMS 0x000000009ef00000, 0x000000009ef00000| Untracked 
| 496|0x000000009f000000, 0x000000009f000000, 0x000000009f100000|  0%| F|  |TAMS 0x000000009f000000, 0x000000009f000000| Untracked 
| 497|0x000000009f100000, 0x000000009f100000, 0x000000009f200000|  0%| F|  |TAMS 0x000000009f100000, 0x000000009f100000| Untracked 
| 498|0x000000009f200000, 0x000000009f200000, 0x000000009f300000|  0%| F|  |TAMS 0x000000009f200000, 0x000000009f200000| Untracked 
| 499|0x000000009f300000, 0x000000009f300000, 0x000000009f400000|  0%| F|  |TAMS 0x000000009f300000, 0x000000009f300000| Untracked 
| 500|0x000000009f400000, 0x000000009f400000, 0x000000009f500000|  0%| F|  |TAMS 0x000000009f400000, 0x000000009f400000| Untracked 
| 501|0x000000009f500000, 0x000000009f500000, 0x000000009f600000|  0%| F|  |TAMS 0x000000009f500000, 0x000000009f500000| Untracked 
| 502|0x000000009f600000, 0x000000009f600000, 0x000000009f700000|  0%| F|  |TAMS 0x000000009f600000, 0x000000009f600000| Untracked 
| 503|0x000000009f700000, 0x000000009f700000, 0x000000009f800000|  0%| F|  |TAMS 0x000000009f700000, 0x000000009f700000| Untracked 
| 504|0x000000009f800000, 0x000000009f800000, 0x000000009f900000|  0%| F|  |TAMS 0x000000009f800000, 0x000000009f800000| Untracked 
| 505|0x000000009f900000, 0x000000009f900000, 0x000000009fa00000|  0%| F|  |TAMS 0x000000009f900000, 0x000000009f900000| Untracked 
| 506|0x000000009fa00000, 0x000000009fa00000, 0x000000009fb00000|  0%| F|  |TAMS 0x000000009fa00000, 0x000000009fa00000| Untracked 
| 507|0x000000009fb00000, 0x000000009fb00000, 0x000000009fc00000|  0%| F|  |TAMS 0x000000009fb00000, 0x000000009fb00000| Untracked 
| 508|0x000000009fc00000, 0x000000009fc00000, 0x000000009fd00000|  0%| F|  |TAMS 0x000000009fc00000, 0x000000009fc00000| Untracked 
| 509|0x000000009fd00000, 0x000000009fd00000, 0x000000009fe00000|  0%| F|  |TAMS 0x000000009fd00000, 0x000000009fd00000| Untracked 
| 510|0x000000009fe00000, 0x000000009fe00000, 0x000000009ff00000|  0%| F|  |TAMS 0x000000009fe00000, 0x000000009fe00000| Untracked 
| 511|0x000000009ff00000, 0x000000009ff00000, 0x00000000a0000000|  0%| F|  |TAMS 0x000000009ff00000, 0x000000009ff00000| Untracked 
| 512|0x00000000a0000000, 0x00000000a0000000, 0x00000000a0100000|  0%| F|  |TAMS 0x00000000a0000000, 0x00000000a0000000| Untracked 
| 513|0x00000000a0100000, 0x00000000a0100000, 0x00000000a0200000|  0%| F|  |TAMS 0x00000000a0100000, 0x00000000a0100000| Untracked 
| 514|0x00000000a0200000, 0x00000000a0200000, 0x00000000a0300000|  0%| F|  |TAMS 0x00000000a0200000, 0x00000000a0200000| Untracked 
| 515|0x00000000a0300000, 0x00000000a0300000, 0x00000000a0400000|  0%| F|  |TAMS 0x00000000a0300000, 0x00000000a0300000| Untracked 
| 516|0x00000000a0400000, 0x00000000a0400000, 0x00000000a0500000|  0%| F|  |TAMS 0x00000000a0400000, 0x00000000a0400000| Untracked 
| 517|0x00000000a0500000, 0x00000000a0500000, 0x00000000a0600000|  0%| F|  |TAMS 0x00000000a0500000, 0x00000000a0500000| Untracked 
| 518|0x00000000a0600000, 0x00000000a0600000, 0x00000000a0700000|  0%| F|  |TAMS 0x00000000a0600000, 0x00000000a0600000| Untracked 
| 519|0x00000000a0700000, 0x00000000a0700000, 0x00000000a0800000|  0%| F|  |TAMS 0x00000000a0700000, 0x00000000a0700000| Untracked 
| 520|0x00000000a0800000, 0x00000000a0800000, 0x00000000a0900000|  0%| F|  |TAMS 0x00000000a0800000, 0x00000000a0800000| Untracked 
| 521|0x00000000a0900000, 0x00000000a0900000, 0x00000000a0a00000|  0%| F|  |TAMS 0x00000000a0900000, 0x00000000a0900000| Untracked 
| 522|0x00000000a0a00000, 0x00000000a0a00000, 0x00000000a0b00000|  0%| F|  |TAMS 0x00000000a0a00000, 0x00000000a0a00000| Untracked 
| 523|0x00000000a0b00000, 0x00000000a0b00000, 0x00000000a0c00000|  0%| F|  |TAMS 0x00000000a0b00000, 0x00000000a0b00000| Untracked 
| 524|0x00000000a0c00000, 0x00000000a0c00000, 0x00000000a0d00000|  0%| F|  |TAMS 0x00000000a0c00000, 0x00000000a0c00000| Untracked 
| 525|0x00000000a0d00000, 0x00000000a0d00000, 0x00000000a0e00000|  0%| F|  |TAMS 0x00000000a0d00000, 0x00000000a0d00000| Untracked 
| 526|0x00000000a0e00000, 0x00000000a0e00000, 0x00000000a0f00000|  0%| F|  |TAMS 0x00000000a0e00000, 0x00000000a0e00000| Untracked 
| 527|0x00000000a0f00000, 0x00000000a0f00000, 0x00000000a1000000|  0%| F|  |TAMS 0x00000000a0f00000, 0x00000000a0f00000| Untracked 
| 528|0x00000000a1000000, 0x00000000a1000000, 0x00000000a1100000|  0%| F|  |TAMS 0x00000000a1000000, 0x00000000a1000000| Untracked 
| 529|0x00000000a1100000, 0x00000000a1100000, 0x00000000a1200000|  0%| F|  |TAMS 0x00000000a1100000, 0x00000000a1100000| Untracked 
| 530|0x00000000a1200000, 0x00000000a1200000, 0x00000000a1300000|  0%| F|  |TAMS 0x00000000a1200000, 0x00000000a1200000| Untracked 
| 531|0x00000000a1300000, 0x00000000a1300000, 0x00000000a1400000|  0%| F|  |TAMS 0x00000000a1300000, 0x00000000a1300000| Untracked 
| 532|0x00000000a1400000, 0x00000000a1400000, 0x00000000a1500000|  0%| F|  |TAMS 0x00000000a1400000, 0x00000000a1400000| Untracked 
| 533|0x00000000a1500000, 0x00000000a1500000, 0x00000000a1600000|  0%| F|  |TAMS 0x00000000a1500000, 0x00000000a1500000| Untracked 
| 534|0x00000000a1600000, 0x00000000a1600000, 0x00000000a1700000|  0%| F|  |TAMS 0x00000000a1600000, 0x00000000a1600000| Untracked 
| 535|0x00000000a1700000, 0x00000000a1700000, 0x00000000a1800000|  0%| F|  |TAMS 0x00000000a1700000, 0x00000000a1700000| Untracked 
| 536|0x00000000a1800000, 0x00000000a1800000, 0x00000000a1900000|  0%| F|  |TAMS 0x00000000a1800000, 0x00000000a1800000| Untracked 
| 537|0x00000000a1900000, 0x00000000a1900000, 0x00000000a1a00000|  0%| F|  |TAMS 0x00000000a1900000, 0x00000000a1900000| Untracked 
| 538|0x00000000a1a00000, 0x00000000a1a00000, 0x00000000a1b00000|  0%| F|  |TAMS 0x00000000a1a00000, 0x00000000a1a00000| Untracked 
| 539|0x00000000a1b00000, 0x00000000a1b00000, 0x00000000a1c00000|  0%| F|  |TAMS 0x00000000a1b00000, 0x00000000a1b00000| Untracked 
| 540|0x00000000a1c00000, 0x00000000a1c00000, 0x00000000a1d00000|  0%| F|  |TAMS 0x00000000a1c00000, 0x00000000a1c00000| Untracked 
| 541|0x00000000a1d00000, 0x00000000a1d00000, 0x00000000a1e00000|  0%| F|  |TAMS 0x00000000a1d00000, 0x00000000a1d00000| Untracked 
| 542|0x00000000a1e00000, 0x00000000a1e00000, 0x00000000a1f00000|  0%| F|  |TAMS 0x00000000a1e00000, 0x00000000a1e00000| Untracked 
| 543|0x00000000a1f00000, 0x00000000a1f00000, 0x00000000a2000000|  0%| F|  |TAMS 0x00000000a1f00000, 0x00000000a1f00000| Untracked 
| 544|0x00000000a2000000, 0x00000000a2000000, 0x00000000a2100000|  0%| F|  |TAMS 0x00000000a2000000, 0x00000000a2000000| Untracked 
| 545|0x00000000a2100000, 0x00000000a2100000, 0x00000000a2200000|  0%| F|  |TAMS 0x00000000a2100000, 0x00000000a2100000| Untracked 
| 546|0x00000000a2200000, 0x00000000a2200000, 0x00000000a2300000|  0%| F|  |TAMS 0x00000000a2200000, 0x00000000a2200000| Untracked 
| 547|0x00000000a2300000, 0x00000000a2300000, 0x00000000a2400000|  0%| F|  |TAMS 0x00000000a2300000, 0x00000000a2300000| Untracked 
| 548|0x00000000a2400000, 0x00000000a2400000, 0x00000000a2500000|  0%| F|  |TAMS 0x00000000a2400000, 0x00000000a2400000| Untracked 
| 549|0x00000000a2500000, 0x00000000a2500000, 0x00000000a2600000|  0%| F|  |TAMS 0x00000000a2500000, 0x00000000a2500000| Untracked 
| 550|0x00000000a2600000, 0x00000000a2600000, 0x00000000a2700000|  0%| F|  |TAMS 0x00000000a2600000, 0x00000000a2600000| Untracked 
| 551|0x00000000a2700000, 0x00000000a2700000, 0x00000000a2800000|  0%| F|  |TAMS 0x00000000a2700000, 0x00000000a2700000| Untracked 
| 552|0x00000000a2800000, 0x00000000a2800000, 0x00000000a2900000|  0%| F|  |TAMS 0x00000000a2800000, 0x00000000a2800000| Untracked 
| 553|0x00000000a2900000, 0x00000000a2900000, 0x00000000a2a00000|  0%| F|  |TAMS 0x00000000a2900000, 0x00000000a2900000| Untracked 
| 554|0x00000000a2a00000, 0x00000000a2a00000, 0x00000000a2b00000|  0%| F|  |TAMS 0x00000000a2a00000, 0x00000000a2a00000| Untracked 
| 555|0x00000000a2b00000, 0x00000000a2b00000, 0x00000000a2c00000|  0%| F|  |TAMS 0x00000000a2b00000, 0x00000000a2b00000| Untracked 
| 556|0x00000000a2c00000, 0x00000000a2c00000, 0x00000000a2d00000|  0%| F|  |TAMS 0x00000000a2c00000, 0x00000000a2c00000| Untracked 
| 557|0x00000000a2d00000, 0x00000000a2d00000, 0x00000000a2e00000|  0%| F|  |TAMS 0x00000000a2d00000, 0x00000000a2d00000| Untracked 
| 558|0x00000000a2e00000, 0x00000000a2e00000, 0x00000000a2f00000|  0%| F|  |TAMS 0x00000000a2e00000, 0x00000000a2e00000| Untracked 
| 559|0x00000000a2f00000, 0x00000000a2f00000, 0x00000000a3000000|  0%| F|  |TAMS 0x00000000a2f00000, 0x00000000a2f00000| Untracked 
| 560|0x00000000a3000000, 0x00000000a3000000, 0x00000000a3100000|  0%| F|  |TAMS 0x00000000a3000000, 0x00000000a3000000| Untracked 
| 561|0x00000000a3100000, 0x00000000a3100000, 0x00000000a3200000|  0%| F|  |TAMS 0x00000000a3100000, 0x00000000a3100000| Untracked 
| 562|0x00000000a3200000, 0x00000000a3200000, 0x00000000a3300000|  0%| F|  |TAMS 0x00000000a3200000, 0x00000000a3200000| Untracked 
| 563|0x00000000a3300000, 0x00000000a3300000, 0x00000000a3400000|  0%| F|  |TAMS 0x00000000a3300000, 0x00000000a3300000| Untracked 
| 564|0x00000000a3400000, 0x00000000a3400000, 0x00000000a3500000|  0%| F|  |TAMS 0x00000000a3400000, 0x00000000a3400000| Untracked 
| 565|0x00000000a3500000, 0x00000000a3500000, 0x00000000a3600000|  0%| F|  |TAMS 0x00000000a3500000, 0x00000000a3500000| Untracked 
| 566|0x00000000a3600000, 0x00000000a3600000, 0x00000000a3700000|  0%| F|  |TAMS 0x00000000a3600000, 0x00000000a3600000| Untracked 
| 567|0x00000000a3700000, 0x00000000a3700000, 0x00000000a3800000|  0%| F|  |TAMS 0x00000000a3700000, 0x00000000a3700000| Untracked 
| 568|0x00000000a3800000, 0x00000000a3800000, 0x00000000a3900000|  0%| F|  |TAMS 0x00000000a3800000, 0x00000000a3800000| Untracked 
| 569|0x00000000a3900000, 0x00000000a3900000, 0x00000000a3a00000|  0%| F|  |TAMS 0x00000000a3900000, 0x00000000a3900000| Untracked 
| 570|0x00000000a3a00000, 0x00000000a3a00000, 0x00000000a3b00000|  0%| F|  |TAMS 0x00000000a3a00000, 0x00000000a3a00000| Untracked 
| 571|0x00000000a3b00000, 0x00000000a3b00000, 0x00000000a3c00000|  0%| F|  |TAMS 0x00000000a3b00000, 0x00000000a3b00000| Untracked 
| 572|0x00000000a3c00000, 0x00000000a3c00000, 0x00000000a3d00000|  0%| F|  |TAMS 0x00000000a3c00000, 0x00000000a3c00000| Untracked 
| 573|0x00000000a3d00000, 0x00000000a3d00000, 0x00000000a3e00000|  0%| F|  |TAMS 0x00000000a3d00000, 0x00000000a3d00000| Untracked 
| 574|0x00000000a3e00000, 0x00000000a3e00000, 0x00000000a3f00000|  0%| F|  |TAMS 0x00000000a3e00000, 0x00000000a3e00000| Untracked 
| 575|0x00000000a3f00000, 0x00000000a3f00000, 0x00000000a4000000|  0%| F|  |TAMS 0x00000000a3f00000, 0x00000000a3f00000| Untracked 
| 576|0x00000000a4000000, 0x00000000a4000000, 0x00000000a4100000|  0%| F|  |TAMS 0x00000000a4000000, 0x00000000a4000000| Untracked 
| 577|0x00000000a4100000, 0x00000000a4100000, 0x00000000a4200000|  0%| F|  |TAMS 0x00000000a4100000, 0x00000000a4100000| Untracked 
| 578|0x00000000a4200000, 0x00000000a4200000, 0x00000000a4300000|  0%| F|  |TAMS 0x00000000a4200000, 0x00000000a4200000| Untracked 
| 579|0x00000000a4300000, 0x00000000a4300000, 0x00000000a4400000|  0%| F|  |TAMS 0x00000000a4300000, 0x00000000a4300000| Untracked 
| 580|0x00000000a4400000, 0x00000000a4400000, 0x00000000a4500000|  0%| F|  |TAMS 0x00000000a4400000, 0x00000000a4400000| Untracked 
| 581|0x00000000a4500000, 0x00000000a4500000, 0x00000000a4600000|  0%| F|  |TAMS 0x00000000a4500000, 0x00000000a4500000| Untracked 
| 582|0x00000000a4600000, 0x00000000a4600000, 0x00000000a4700000|  0%| F|  |TAMS 0x00000000a4600000, 0x00000000a4600000| Untracked 
| 583|0x00000000a4700000, 0x00000000a4700000, 0x00000000a4800000|  0%| F|  |TAMS 0x00000000a4700000, 0x00000000a4700000| Untracked 
| 584|0x00000000a4800000, 0x00000000a4800000, 0x00000000a4900000|  0%| F|  |TAMS 0x00000000a4800000, 0x00000000a4800000| Untracked 
| 585|0x00000000a4900000, 0x00000000a49be990, 0x00000000a4a00000| 74%| E|  |TAMS 0x00000000a4900000, 0x00000000a4900000| Complete 
| 586|0x00000000a4a00000, 0x00000000a4b00000, 0x00000000a4b00000|100%| E|  |TAMS 0x00000000a4a00000, 0x00000000a4a00000| Complete 
| 587|0x00000000a4b00000, 0x00000000a4c00000, 0x00000000a4c00000|100%| E|CS|TAMS 0x00000000a4b00000, 0x00000000a4b00000| Complete 
| 588|0x00000000a4c00000, 0x00000000a4d00000, 0x00000000a4d00000|100%| E|CS|TAMS 0x00000000a4c00000, 0x00000000a4c00000| Complete 
| 589|0x00000000a4d00000, 0x00000000a4e00000, 0x00000000a4e00000|100%| E|CS|TAMS 0x00000000a4d00000, 0x00000000a4d00000| Complete 
| 590|0x00000000a4e00000, 0x00000000a4f00000, 0x00000000a4f00000|100%| E|CS|TAMS 0x00000000a4e00000, 0x00000000a4e00000| Complete 
| 591|0x00000000a4f00000, 0x00000000a5000000, 0x00000000a5000000|100%| E|CS|TAMS 0x00000000a4f00000, 0x00000000a4f00000| Complete 
| 592|0x00000000a5000000, 0x00000000a5100000, 0x00000000a5100000|100%| E|CS|TAMS 0x00000000a5000000, 0x00000000a5000000| Complete 
| 593|0x00000000a5100000, 0x00000000a5200000, 0x00000000a5200000|100%| E|CS|TAMS 0x00000000a5100000, 0x00000000a5100000| Complete 
| 594|0x00000000a5200000, 0x00000000a5300000, 0x00000000a5300000|100%| E|CS|TAMS 0x00000000a5200000, 0x00000000a5200000| Complete 
| 595|0x00000000a5300000, 0x00000000a5400000, 0x00000000a5400000|100%| E|CS|TAMS 0x00000000a5300000, 0x00000000a5300000| Complete 
| 596|0x00000000a5400000, 0x00000000a5500000, 0x00000000a5500000|100%| E|CS|TAMS 0x00000000a5400000, 0x00000000a5400000| Complete 
| 597|0x00000000a5500000, 0x00000000a5600000, 0x00000000a5600000|100%| E|CS|TAMS 0x00000000a5500000, 0x00000000a5500000| Complete 
| 598|0x00000000a5600000, 0x00000000a5700000, 0x00000000a5700000|100%| E|CS|TAMS 0x00000000a5600000, 0x00000000a5600000| Complete 
| 599|0x00000000a5700000, 0x00000000a5800000, 0x00000000a5800000|100%| E|CS|TAMS 0x00000000a5700000, 0x00000000a5700000| Complete 
| 772|0x00000000b0400000, 0x00000000b0500000, 0x00000000b0500000|100%| E|CS|TAMS 0x00000000b0400000, 0x00000000b0400000| Complete 
| 773|0x00000000b0500000, 0x00000000b0600000, 0x00000000b0600000|100%| E|CS|TAMS 0x00000000b0500000, 0x00000000b0500000| Complete 
|2040|0x00000000ff800000, 0x00000000ff900000, 0x00000000ff900000|100%| E|CS|TAMS 0x00000000ff800000, 0x00000000ff800000| Complete 
|2041|0x00000000ff900000, 0x00000000ffa00000, 0x00000000ffa00000|100%| E|CS|TAMS 0x00000000ff900000, 0x00000000ff900000| Complete 
|2042|0x00000000ffa00000, 0x00000000ffb00000, 0x00000000ffb00000|100%| E|CS|TAMS 0x00000000ffa00000, 0x00000000ffa00000| Complete 
|2043|0x00000000ffb00000, 0x00000000ffc00000, 0x00000000ffc00000|100%| E|CS|TAMS 0x00000000ffb00000, 0x00000000ffb00000| Complete 
|2044|0x00000000ffc00000, 0x00000000ffd00000, 0x00000000ffd00000|100%| E|CS|TAMS 0x00000000ffc00000, 0x00000000ffc00000| Complete 
|2045|0x00000000ffd00000, 0x00000000ffe00000, 0x00000000ffe00000|100%| E|CS|TAMS 0x00000000ffd00000, 0x00000000ffd00000| Complete 
|2046|0x00000000ffe00000, 0x00000000fff00000, 0x00000000fff00000|100%| E|CS|TAMS 0x00000000ffe00000, 0x00000000ffe00000| Complete 
|2047|0x00000000fff00000, 0x0000000100000000, 0x0000000100000000|100%| E|CS|TAMS 0x00000000fff00000, 0x00000000fff00000| Complete 

Card table byte_map: [0x0000022af8f70000,0x0000022af9370000] _byte_map_base: 0x0000022af8b70000

Marking Bits (Prev, Next): (CMBitMap*) 0x0000022ae2052890, (CMBitMap*) 0x0000022ae20528d0
 Prev Bits: [0x0000022af9770000, 0x0000022afb770000)
 Next Bits: [0x0000022afb770000, 0x0000022afd770000)

Polling page: 0x0000022adfdd0000

Metaspace:

Usage:
  Non-class:    124.28 MB used.
      Class:     18.23 MB used.
       Both:    142.50 MB used.

Virtual space:
  Non-class space:      128.00 MB reserved,     125.75 MB ( 98%) committed,  2 nodes.
      Class space:        1.00 GB reserved,      19.19 MB (  2%) committed,  1 nodes.
             Both:        1.12 GB reserved,     144.94 MB ( 13%) committed. 

Chunk freelists:
   Non-Class:  2.55 MB
       Class:  12.91 MB
        Both:  15.46 MB

MaxMetaspaceSize: unlimited
CompressedClassSpaceSize: 1.00 GB
Initial GC threshold: 21.00 MB
Current GC threshold: 241.56 MB
CDS: on
MetaspaceReclaimPolicy: balanced
 - commit_granule_bytes: 65536.
 - commit_granule_words: 8192.
 - virtual_space_node_default_size: 8388608.
 - enlarge_chunks_in_place: 1.
 - new_chunks_are_fully_committed: 0.
 - uncommit_free_chunks: 1.
 - use_allocation_guard: 0.
 - handle_deallocations: 1.


Internal statistics:

num_allocs_failed_limit: 9.
num_arena_births: 3146.
num_arena_deaths: 574.
num_vsnodes_births: 3.
num_vsnodes_deaths: 0.
num_space_committed: 2316.
num_space_uncommitted: 0.
num_chunks_returned_to_freelist: 755.
num_chunks_taken_from_freelist: 9543.
num_chunk_merges: 255.
num_chunk_splits: 5866.
num_chunks_enlarged: 3405.
num_inconsistent_stats: 0.

CodeHeap 'non-profiled nmethods': size=120000Kb used=31805Kb max_used=31805Kb free=88194Kb
 bounds [0x0000022af1640000, 0x0000022af3550000, 0x0000022af8b70000]
CodeHeap 'profiled nmethods': size=120000Kb used=55287Kb max_used=55287Kb free=64712Kb
 bounds [0x0000022ae9b70000, 0x0000022aed180000, 0x0000022af10a0000]
CodeHeap 'non-nmethods': size=5760Kb used=2520Kb max_used=2682Kb free=3239Kb
 bounds [0x0000022af10a0000, 0x0000022af1350000, 0x0000022af1640000]
 total_blobs=30257 nmethods=29196 adapters=971
 compilation: enabled
              stopped_count=0, restarted_count=0
 full_count=0

Compilation events (20 events):
Event: 4001.981 Thread 0x0000022ac5020090 nmethod 40875 0x0000022aed16d910 code [0x0000022aed16dac0, 0x0000022aed16dc78]
Event: 4001.981 Thread 0x0000022ac5020090 40876       3       org.gradle.api.internal.artifacts.ivyservice.resolveengine.result.ResolvedComponentResultSerializer::writeComponent (343 bytes)
Event: 4001.982 Thread 0x0000022affc841e0 40878       4       org.gradle.api.internal.artifacts.transform.AttributeMatchingVariantSelector::doSelect (364 bytes)
Event: 4001.982 Thread 0x0000022ad2632db0 40880       4       org.gradle.api.internal.tasks.properties.ValidationActions$1::validate (1 bytes)
Event: 4001.983 Thread 0x0000022ac5020090 nmethod 40876 0x0000022aed16dd90 code [0x0000022aed16e240, 0x0000022aed170cf8]
Event: 4001.983 Thread 0x0000022ac5020090 40879 %     3       org.gradle.api.internal.artifacts.ivyservice.resolveengine.artifact.CompositeResolvedArtifactSet::visit @ 10 (40 bytes)
Event: 4001.983 Thread 0x0000022ad2632db0 nmethod 40880 0x0000022af354ea10 code [0x0000022af354eb80, 0x0000022af354ebf8]
Event: 4001.983 Thread 0x0000022ac5020090 nmethod 40879% 0x0000022aed171910 code [0x0000022aed171b00, 0x0000022aed172138]
Event: 4001.983 Thread 0x0000022ac5020090 40877       3       org.gradle.api.internal.artifacts.ivyservice.resolveengine.result.ComponentSelectorSerializer::write (10 bytes)
Event: 4001.983 Thread 0x0000022ac5020090 nmethod 40877 0x0000022aed172310 code [0x0000022aed1724c0, 0x0000022aed172728]
Event: 4001.984 Thread 0x0000022ad2632db0 40881       4       org.gradle.internal.execution.steps.BeforeExecutionContext::getInputProperties (25 bytes)
Event: 4001.984 Thread 0x0000022ac5020090 40882       3       org.gradle.internal.logging.sink.ProgressLogEventGenerator$Operation::styledTextEvent (24 bytes)
Event: 4001.985 Thread 0x0000022ac5020090 nmethod 40882 0x0000022aed172810 code [0x0000022aed172a00, 0x0000022aed172fd8]
Event: 4001.986 Thread 0x0000022ac5020090 40883       3       com.google.wireless.android.sdk.stats.GradleBuildProfileSpan$Builder::getTask (36 bytes)
Event: 4001.986 Thread 0x0000022ac5020090 nmethod 40883 0x0000022aed173290 code [0x0000022aed173480, 0x0000022aed173a68]
Event: 4001.987 Thread 0x0000022ad2632db0 nmethod 40881 0x0000022af354ed10 code [0x0000022af354eec0, 0x0000022af354f108]
Event: 4001.989 Thread 0x0000022ac5020090 40884       3       com.google.common.cache.LocalCache$Strength$1::referenceValue (28 bytes)
Event: 4001.989 Thread 0x0000022ac5020090 nmethod 40884 0x0000022aed173c10 code [0x0000022aed173de0, 0x0000022aed174148]
Event: 4002.082 Thread 0x0000022ac5020090 40885       1       java.net.StandardSocketOptions$StdSocketOption::type (5 bytes)
Event: 4002.082 Thread 0x0000022ac5020090 nmethod 40885 0x0000022af354f390 code [0x0000022af354f520, 0x0000022af354f5f8]

GC Heap History (20 events):
Event: 1377.536 GC heap before
{Heap before GC invocations=182 (full 0):
 garbage-first heap   total 800768K, used 501226K [0x0000000080000000, 0x0000000100000000)
  region size 1024K, 101 young (103424K), 16 survivors (16384K)
 Metaspace       used 139898K, committed 141568K, reserved 1179648K
  class space    used 18011K, committed 18816K, reserved 1048576K
}
Event: 1377.551 GC heap after
{Heap after GC invocations=183 (full 0):
 garbage-first heap   total 800768K, used 390891K [0x0000000080000000, 0x0000000100000000)
  region size 1024K, 2 young (2048K), 2 survivors (2048K)
 Metaspace       used 139898K, committed 141568K, reserved 1179648K
  class space    used 18011K, committed 18816K, reserved 1048576K
}
Event: 1377.855 GC heap before
{Heap before GC invocations=183 (full 0):
 garbage-first heap   total 800768K, used 427755K [0x0000000080000000, 0x0000000100000000)
  region size 1024K, 39 young (39936K), 2 survivors (2048K)
 Metaspace       used 139967K, committed 141632K, reserved 1179648K
  class space    used 18011K, committed 18816K, reserved 1048576K
}
Event: 1377.863 GC heap after
{Heap after GC invocations=184 (full 0):
 garbage-first heap   total 800768K, used 315370K [0x0000000080000000, 0x0000000100000000)
  region size 1024K, 5 young (5120K), 5 survivors (5120K)
 Metaspace       used 139967K, committed 141632K, reserved 1179648K
  class space    used 18011K, committed 18816K, reserved 1048576K
}
Event: 1378.203 GC heap before
{Heap before GC invocations=184 (full 0):
 garbage-first heap   total 800768K, used 351210K [0x0000000080000000, 0x0000000100000000)
  region size 1024K, 39 young (39936K), 5 survivors (5120K)
 Metaspace       used 140083K, committed 141760K, reserved 1179648K
  class space    used 18015K, committed 18816K, reserved 1048576K
}
Event: 1378.232 GC heap after
{Heap after GC invocations=185 (full 0):
 garbage-first heap   total 800768K, used 288375K [0x0000000080000000, 0x0000000100000000)
  region size 1024K, 5 young (5120K), 5 survivors (5120K)
 Metaspace       used 140083K, committed 141760K, reserved 1179648K
  class space    used 18015K, committed 18816K, reserved 1048576K
}
Event: 1378.722 GC heap before
{Heap before GC invocations=185 (full 0):
 garbage-first heap   total 800768K, used 326263K [0x0000000080000000, 0x0000000100000000)
  region size 1024K, 43 young (44032K), 5 survivors (5120K)
 Metaspace       used 140146K, committed 141888K, reserved 1179648K
  class space    used 18018K, committed 18880K, reserved 1048576K
}
Event: 1378.735 GC heap after
{Heap after GC invocations=186 (full 0):
 garbage-first heap   total 800768K, used 296555K [0x0000000080000000, 0x0000000100000000)
  region size 1024K, 13 young (13312K), 13 survivors (13312K)
 Metaspace       used 140146K, committed 141888K, reserved 1179648K
  class space    used 18018K, committed 18880K, reserved 1048576K
}
Event: 1381.028 GC heap before
{Heap before GC invocations=187 (full 0):
 garbage-first heap   total 775168K, used 481899K [0x0000000080000000, 0x0000000100000000)
  region size 1024K, 230 young (235520K), 13 survivors (13312K)
 Metaspace       used 140379K, committed 142080K, reserved 1179648K
  class space    used 18031K, committed 18880K, reserved 1048576K
}
Event: 1381.040 GC heap after
{Heap after GC invocations=188 (full 0):
 garbage-first heap   total 775168K, used 208503K [0x0000000080000000, 0x0000000100000000)
  region size 1024K, 14 young (14336K), 14 survivors (14336K)
 Metaspace       used 140379K, committed 142080K, reserved 1179648K
  class space    used 18031K, committed 18880K, reserved 1048576K
}
Event: 1382.104 GC heap before
{Heap before GC invocations=188 (full 0):
 garbage-first heap   total 775168K, used 242295K [0x0000000080000000, 0x0000000100000000)
  region size 1024K, 37 young (37888K), 14 survivors (14336K)
 Metaspace       used 141565K, committed 143296K, reserved 1179648K
  class space    used 18164K, committed 19008K, reserved 1048576K
}
Event: 1382.122 GC heap after
{Heap after GC invocations=189 (full 0):
 garbage-first heap   total 775168K, used 176373K [0x0000000080000000, 0x0000000100000000)
  region size 1024K, 3 young (3072K), 3 survivors (3072K)
 Metaspace       used 141565K, committed 143296K, reserved 1179648K
  class space    used 18164K, committed 19008K, reserved 1048576K
}
Event: 1384.167 GC heap before
{Heap before GC invocations=189 (full 0):
 garbage-first heap   total 775168K, used 438517K [0x0000000080000000, 0x0000000100000000)
  region size 1024K, 261 young (267264K), 3 survivors (3072K)
 Metaspace       used 141881K, committed 143616K, reserved 1179648K
  class space    used 18184K, committed 19008K, reserved 1048576K
}
Event: 1384.173 GC heap after
{Heap after GC invocations=190 (full 0):
 garbage-first heap   total 775168K, used 178121K [0x0000000080000000, 0x0000000100000000)
  region size 1024K, 5 young (5120K), 5 survivors (5120K)
 Metaspace       used 141881K, committed 143616K, reserved 1179648K
  class space    used 18184K, committed 19008K, reserved 1048576K
}
Event: 1386.841 GC heap before
{Heap before GC invocations=191 (full 0):
 garbage-first heap   total 744448K, used 547132K [0x0000000080000000, 0x0000000100000000)
  region size 1024K, 365 young (373760K), 5 survivors (5120K)
 Metaspace       used 141963K, committed 143680K, reserved 1179648K
  class space    used 18189K, committed 19008K, reserved 1048576K
}
Event: 1386.848 GC heap after
{Heap after GC invocations=192 (full 0):
 garbage-first heap   total 744448K, used 179256K [0x0000000080000000, 0x0000000100000000)
  region size 1024K, 7 young (7168K), 7 survivors (7168K)
 Metaspace       used 141963K, committed 143680K, reserved 1179648K
  class space    used 18189K, committed 19008K, reserved 1048576K
}
Event: 1386.965 GC heap before
{Heap before GC invocations=192 (full 0):
 garbage-first heap   total 744448K, used 207928K [0x0000000080000000, 0x0000000100000000)
  region size 1024K, 36 young (36864K), 7 survivors (7168K)
 Metaspace       used 141963K, committed 143680K, reserved 1179648K
  class space    used 18189K, committed 19008K, reserved 1048576K
}
Event: 1386.973 GC heap after
{Heap after GC invocations=193 (full 0):
 garbage-first heap   total 744448K, used 161253K [0x0000000080000000, 0x0000000100000000)
  region size 1024K, 1 young (1024K), 1 survivors (1024K)
 Metaspace       used 141963K, committed 143680K, reserved 1179648K
  class space    used 18189K, committed 19008K, reserved 1048576K
}
Event: 4000.539 GC heap before
{Heap before GC invocations=193 (full 0):
 garbage-first heap   total 744448K, used 561637K [0x0000000080000000, 0x0000000100000000)
  region size 1024K, 393 young (402432K), 1 survivors (1024K)
 Metaspace       used 146559K, committed 148288K, reserved 1179648K
  class space    used 18798K, committed 19648K, reserved 1048576K
}
Event: 4000.560 GC heap after
{Heap after GC invocations=194 (full 0):
 garbage-first heap   total 744448K, used 175987K [0x0000000080000000, 0x0000000100000000)
  region size 1024K, 16 young (16384K), 16 survivors (16384K)
 Metaspace       used 146559K, committed 148288K, reserved 1179648K
  class space    used 18798K, committed 19648K, reserved 1048576K
}

Dll operation events (17 events):
Event: 0.008 Loaded shared library E:\CCN\CCN-4\Mobile\jdk\sdk\bin\java.dll
Event: 0.028 Loaded shared library E:\CCN\CCN-4\Mobile\jdk\sdk\bin\jsvml.dll
Event: 0.080 Loaded shared library E:\CCN\CCN-4\Mobile\jdk\sdk\bin\zip.dll
Event: 0.083 Loaded shared library E:\CCN\CCN-4\Mobile\jdk\sdk\bin\instrument.dll
Event: 0.087 Loaded shared library E:\CCN\CCN-4\Mobile\jdk\sdk\bin\net.dll
Event: 0.089 Loaded shared library E:\CCN\CCN-4\Mobile\jdk\sdk\bin\nio.dll
Event: 0.092 Loaded shared library E:\CCN\CCN-4\Mobile\jdk\sdk\bin\zip.dll
Event: 0.288 Loaded shared library E:\CCN\CCN-4\Mobile\jdk\sdk\bin\jimage.dll
Event: 0.345 Loaded shared library E:\CCN\CCN-4\Mobile\jdk\sdk\bin\verify.dll
Event: 0.506 Loaded shared library C:\Users\Pc\.gradle\native\68d5fa5c4cc2d200863cafc0d521ce42e7d3e7ee720ec0a83991735586a16f82\windows-amd64\native-platform.dll
Event: 0.511 Loaded shared library C:\Users\Pc\.gradle\native\e376f236ea51e6404a007f0833ffe2c6e607c4080706a723a18a27aeea778392\windows-amd64\native-platform-file-events.dll
Event: 1.281 Loaded shared library E:\CCN\CCN-4\Mobile\jdk\sdk\bin\management.dll
Event: 1.283 Loaded shared library E:\CCN\CCN-4\Mobile\jdk\sdk\bin\management_ext.dll
Event: 1.539 Loaded shared library E:\CCN\CCN-4\Mobile\jdk\sdk\bin\extnet.dll
Event: 2.016 Loaded shared library E:\CCN\CCN-4\Mobile\jdk\sdk\bin\sunmscapi.dll
Event: 1388.398 Loaded shared library C:\Users\Pc\AppData\Local\Temp\native-platform6890686970510542695dir\native-platform.dll
Event: 1389.335 Loaded shared library E:\CCN\CCN-4\Mobile\jdk\sdk\bin\rmi.dll

Deoptimization events (20 events):
Event: 4001.926 Thread 0x0000022ad33a1670 Uncommon trap: trap_request=0xffffffc6 fr.pc=0x0000022af2d34a2c relative=0x00000000000020cc
Event: 4001.926 Thread 0x0000022ad33a1670 Uncommon trap: reason=bimorphic_or_optimized_type_check action=maybe_recompile pc=0x0000022af2d34a2c method=org.gradle.internal.fingerprint.impl.DefaultCurrentFileCollectionFingerprint.from(Lorg/gradle/internal/snapshot/FileSystemSnapshot;Lorg/gradle/inte
Event: 4001.926 Thread 0x0000022ad33a1670 DEOPT PACKING pc=0x0000022af2d34a2c sp=0x00000032f1bfccc0
Event: 4001.926 Thread 0x0000022ad33a1670 DEOPT UNPACKING pc=0x0000022af10f69a3 sp=0x00000032f1bfcce8 mode 2
Event: 4001.930 Thread 0x0000022ad33a1670 Uncommon trap: trap_request=0xffffffd6 fr.pc=0x0000022af3520d18 relative=0x0000000000000478
Event: 4001.930 Thread 0x0000022ad33a1670 Uncommon trap: reason=array_check action=maybe_recompile pc=0x0000022af3520d18 method=java.util.HashMap.keysToArray([Ljava/lang/Object;)[Ljava/lang/Object; @ 62 c2
Event: 4001.930 Thread 0x0000022ad33a1670 DEOPT PACKING pc=0x0000022af3520d18 sp=0x00000032f1bfc310
Event: 4001.930 Thread 0x0000022ad33a1670 DEOPT UNPACKING pc=0x0000022af10f69a3 sp=0x00000032f1bfc2a8 mode 2
Event: 4001.934 Thread 0x0000022ad33a1670 Uncommon trap: trap_request=0xffffff45 fr.pc=0x0000022af1a796a0 relative=0x00000000000042a0
Event: 4001.934 Thread 0x0000022ad33a1670 Uncommon trap: reason=unstable_if action=reinterpret pc=0x0000022af1a796a0 method=java.lang.ref.SoftReference.get()Ljava/lang/Object; @ 6 c2
Event: 4001.934 Thread 0x0000022ad33a1670 DEOPT PACKING pc=0x0000022af1a796a0 sp=0x00000032f1bf9c80
Event: 4001.934 Thread 0x0000022ad33a1670 DEOPT UNPACKING pc=0x0000022af10f69a3 sp=0x00000032f1bf9c18 mode 2
Event: 4001.981 Thread 0x0000022ad33a1670 Uncommon trap: trap_request=0xffffffde fr.pc=0x0000022af34e15fc relative=0x00000000000019fc
Event: 4001.981 Thread 0x0000022ad33a1670 Uncommon trap: reason=class_check action=maybe_recompile pc=0x0000022af34e15fc method=org.gradle.api.internal.artifacts.ivyservice.resolveengine.result.ComponentIdentifierSerializer.write(Lorg/gradle/internal/serialize/Encoder;Lorg/gradle/api/artifacts/co
Event: 4001.981 Thread 0x0000022ad33a1670 DEOPT PACKING pc=0x0000022af34e15fc sp=0x00000032f1bfc880
Event: 4001.981 Thread 0x0000022ad33a1670 DEOPT UNPACKING pc=0x0000022af10f69a3 sp=0x00000032f1bfc820 mode 2
Event: 4001.981 Thread 0x0000022ad33a1670 Uncommon trap: trap_request=0xffffffde fr.pc=0x0000022af34e15fc relative=0x00000000000019fc
Event: 4001.981 Thread 0x0000022ad33a1670 Uncommon trap: reason=class_check action=maybe_recompile pc=0x0000022af34e15fc method=org.gradle.api.internal.artifacts.ivyservice.resolveengine.result.ComponentIdentifierSerializer.write(Lorg/gradle/internal/serialize/Encoder;Lorg/gradle/api/artifacts/co
Event: 4001.981 Thread 0x0000022ad33a1670 DEOPT PACKING pc=0x0000022af34e15fc sp=0x00000032f1bfc7b0
Event: 4001.981 Thread 0x0000022ad33a1670 DEOPT UNPACKING pc=0x0000022af10f69a3 sp=0x00000032f1bfc738 mode 2

Classes loaded (20 events):
Event: 1390.477 Loading class sun/net/ConnectionResetException
Event: 1390.477 Loading class sun/net/ConnectionResetException done
Event: 1390.478 Loading class sun/net/util/SocketExceptions
Event: 1390.490 Loading class sun/net/util/SocketExceptions done
Event: 1419.337 Loading class java/lang/StackStreamFactory
Event: 1419.337 Loading class java/lang/StackStreamFactory done
Event: 1419.337 Loading class java/lang/StackWalker$ExtendedOption
Event: 1419.338 Loading class java/lang/StackWalker$ExtendedOption done
Event: 1419.338 Loading class java/lang/StackStreamFactory$StackFrameTraverser
Event: 1419.338 Loading class java/lang/StackStreamFactory$StackFrameTraverser done
Event: 1419.338 Loading class java/lang/StackStreamFactory$WalkerState
Event: 1419.338 Loading class java/lang/StackStreamFactory$WalkerState done
Event: 1419.338 Loading class java/lang/StackStreamFactory$1
Event: 1419.338 Loading class java/lang/StackStreamFactory$1 done
Event: 1419.338 Loading class java/lang/StackStreamFactory$StackFrameTraverser$StackFrameBuffer
Event: 1419.338 Loading class java/lang/StackStreamFactory$FrameBuffer
Event: 1419.338 Loading class java/lang/StackStreamFactory$FrameBuffer done
Event: 1419.338 Loading class java/lang/StackStreamFactory$StackFrameTraverser$StackFrameBuffer done
Event: 4000.569 Loading class sun/rmi/transport/DGCClient$EndpointEntry$CleanRequest
Event: 4000.569 Loading class sun/rmi/transport/DGCClient$EndpointEntry$CleanRequest done

Classes unloaded (20 events):
Event: 4000.748 Thread 0x0000022affc64600 Unloading class 0x0000022a811cc400 'java/lang/invoke/LambdaForm$BMH+0x0000022a811cc400'
Event: 4000.748 Thread 0x0000022affc64600 Unloading class 0x0000022a81140000 'java/lang/invoke/LambdaForm$DMH+0x0000022a81140000'
Event: 4000.748 Thread 0x0000022affc64600 Unloading class 0x0000022a810f1c00 'java/lang/invoke/LambdaForm$DMH+0x0000022a810f1c00'
Event: 4000.748 Thread 0x0000022affc64600 Unloading class 0x0000022a810f1800 'java/lang/invoke/LambdaForm$MH+0x0000022a810f1800'
Event: 4000.748 Thread 0x0000022affc64600 Unloading class 0x0000022a810f1400 'java/lang/invoke/LambdaForm$MH+0x0000022a810f1400'
Event: 4000.748 Thread 0x0000022affc64600 Unloading class 0x0000022a810f1000 'java/lang/invoke/LambdaForm$MH+0x0000022a810f1000'
Event: 4000.748 Thread 0x0000022affc64600 Unloading class 0x0000022a810f0c00 'java/lang/invoke/LambdaForm$MH+0x0000022a810f0c00'
Event: 4000.748 Thread 0x0000022affc64600 Unloading class 0x0000022a810f0800 'java/lang/invoke/LambdaForm$MH+0x0000022a810f0800'
Event: 4000.748 Thread 0x0000022affc64600 Unloading class 0x0000022a810f0400 'java/lang/invoke/LambdaForm$MH+0x0000022a810f0400'
Event: 4000.748 Thread 0x0000022affc64600 Unloading class 0x0000022a810f0000 'java/lang/invoke/LambdaForm$MH+0x0000022a810f0000'
Event: 4000.748 Thread 0x0000022affc64600 Unloading class 0x0000022a810ca800 'java/lang/invoke/LambdaForm$MH+0x0000022a810ca800'
Event: 4000.748 Thread 0x0000022affc64600 Unloading class 0x0000022a810ca000 'java/lang/invoke/LambdaForm$MH+0x0000022a810ca000'
Event: 4000.748 Thread 0x0000022affc64600 Unloading class 0x0000022a810c9c00 'java/lang/invoke/LambdaForm$MH+0x0000022a810c9c00'
Event: 4000.748 Thread 0x0000022affc64600 Unloading class 0x0000022a810c9800 'java/lang/invoke/LambdaForm$MH+0x0000022a810c9800'
Event: 4000.748 Thread 0x0000022affc64600 Unloading class 0x0000022a810c9400 'java/lang/invoke/LambdaForm$MH+0x0000022a810c9400'
Event: 4000.748 Thread 0x0000022affc64600 Unloading class 0x0000022a810c8c00 'java/lang/invoke/LambdaForm$MH+0x0000022a810c8c00'
Event: 4000.748 Thread 0x0000022affc64600 Unloading class 0x0000022a8102ac00 'java/lang/invoke/LambdaForm$MH+0x0000022a8102ac00'
Event: 4000.748 Thread 0x0000022affc64600 Unloading class 0x0000022a8102a800 'java/lang/invoke/LambdaForm$MH+0x0000022a8102a800'
Event: 4000.748 Thread 0x0000022affc64600 Unloading class 0x0000022a8102a000 'java/lang/invoke/LambdaForm$MH+0x0000022a8102a000'
Event: 4000.748 Thread 0x0000022affc64600 Unloading class 0x0000022a81028400 'java/lang/invoke/LambdaForm$MH+0x0000022a81028400'

Classes redefined (0 events):
No events

Internal exceptions (20 events):
Event: 4001.690 Thread 0x0000022ad2b83a80 Exception <a 'java/net/ConnectException'{0x00000000ffe92df0}: Connection refused: connect> (0x00000000ffe92df0) 
thrown [s\src\hotspot\share\prims\jni.cpp, line 535]
Event: 4001.690 Thread 0x0000022ad2b83a80 Exception <a 'java/net/SocketException'{0x00000000ffe93128}: Socket is not connected: shutdown> (0x00000000ffe93128) 
thrown [s\src\hotspot\share\prims\jni.cpp, line 535]
Event: 4001.691 Thread 0x0000022ad2b86300 Exception <a 'java/net/ConnectException'{0x00000000ffe56260}: Connection refused: connect> (0x00000000ffe56260) 
thrown [s\src\hotspot\share\prims\jni.cpp, line 535]
Event: 4001.691 Thread 0x0000022ad2b86300 Exception <a 'java/net/SocketException'{0x00000000ffe56598}: Socket is not connected: shutdown> (0x00000000ffe56598) 
thrown [s\src\hotspot\share\prims\jni.cpp, line 535]
Event: 4001.693 Thread 0x0000022ad2b83a80 Exception <a 'java/net/ConnectException'{0x00000000ffe93cc8}: Connection refused: connect> (0x00000000ffe93cc8) 
thrown [s\src\hotspot\share\prims\jni.cpp, line 535]
Event: 4001.693 Thread 0x0000022ad2b83a80 Exception <a 'java/net/SocketException'{0x00000000ffe94000}: Socket is not connected: shutdown> (0x00000000ffe94000) 
thrown [s\src\hotspot\share\prims\jni.cpp, line 535]
Event: 4001.706 Thread 0x0000022ad2b83a80 Exception <a 'java/net/ConnectException'{0x00000000ffe94830}: Connection refused: connect> (0x00000000ffe94830) 
thrown [s\src\hotspot\share\prims\jni.cpp, line 535]
Event: 4001.706 Thread 0x0000022ad2b83a80 Exception <a 'java/net/SocketException'{0x00000000ffe94b68}: Socket is not connected: shutdown> (0x00000000ffe94b68) 
thrown [s\src\hotspot\share\prims\jni.cpp, line 535]
Event: 4001.717 Thread 0x0000022ad2b83a80 Exception <a 'java/net/ConnectException'{0x00000000ffe95398}: Connection refused: connect> (0x00000000ffe95398) 
thrown [s\src\hotspot\share\prims\jni.cpp, line 535]
Event: 4001.717 Thread 0x0000022ad2b83a80 Exception <a 'java/net/SocketException'{0x00000000ffe956d0}: Socket is not connected: shutdown> (0x00000000ffe956d0) 
thrown [s\src\hotspot\share\prims\jni.cpp, line 535]
Event: 4001.834 Thread 0x0000022acb741ed0 Implicit null exception at 0x0000022af2c1ef0b to 0x0000022af2c20214
Event: 4001.861 Thread 0x0000022acb741ed0 Exception <a 'java/lang/NoSuchMethodError'{0x00000000a55cf8b0}: static [B.<clinit>()V> (0x00000000a55cf8b0) 
thrown [s\src\hotspot\share\prims\jni.cpp, line 1112]
Event: 4001.867 Thread 0x0000022ad339b640 Exception <a 'java/lang/InterruptedException'{0x00000000a5400000}> (0x00000000a5400000) 
thrown [s\src\hotspot\share\runtime\objectMonitor.cpp, line 1658]
Event: 4001.903 Thread 0x0000022ad33a1670 Exception <a 'sun/nio/fs/WindowsException'{0x00000000ffdb8770}> (0x00000000ffdb8770) 
thrown [s\src\hotspot\share\prims\jni.cpp, line 516]
Event: 4001.906 Thread 0x0000022ad33a1670 Exception <a 'sun/nio/fs/WindowsException'{0x00000000a52eddd0}> (0x00000000a52eddd0) 
thrown [s\src\hotspot\share\prims\jni.cpp, line 516]
Event: 4001.907 Thread 0x0000022ad33a1670 Exception <a 'sun/nio/fs/WindowsException'{0x00000000a52f6a50}> (0x00000000a52f6a50) 
thrown [s\src\hotspot\share\prims\jni.cpp, line 516]
Event: 4001.908 Thread 0x0000022ad33a1670 Exception <a 'sun/nio/fs/WindowsException'{0x00000000a52fe7a0}> (0x00000000a52fe7a0) 
thrown [s\src\hotspot\share\prims\jni.cpp, line 516]
Event: 4001.930 Thread 0x0000022ad33a1670 Exception <a 'sun/nio/fs/WindowsException'{0x00000000a4e75ee8}> (0x00000000a4e75ee8) 
thrown [s\src\hotspot\share\prims\jni.cpp, line 516]
Event: 4001.934 Thread 0x0000022ad33a1670 Implicit null exception at 0x0000022af1a7544d to 0x0000022af1a79684
Event: 4002.049 Thread 0x0000022acbf35060 Exception <a 'java/lang/InterruptedException'{0x00000000a4c9bdf8}> (0x00000000a4c9bdf8) 
thrown [s\src\hotspot\share\runtime\objectMonitor.cpp, line 1658]

VM Operations (20 events):
Event: 3946.654 Executing VM operation: Cleanup
Event: 3946.654 Executing VM operation: Cleanup done
Event: 3948.654 Executing VM operation: Cleanup
Event: 3948.654 Executing VM operation: Cleanup done
Event: 3949.655 Executing VM operation: Cleanup
Event: 3949.655 Executing VM operation: Cleanup done
Event: 3950.656 Executing VM operation: Cleanup
Event: 3950.731 Executing VM operation: Cleanup done
Event: 3951.732 Executing VM operation: Cleanup
Event: 3951.732 Executing VM operation: Cleanup done
Event: 4000.362 Executing VM operation: ICBufferFull
Event: 4000.362 Executing VM operation: ICBufferFull done
Event: 4000.539 Executing VM operation: G1CollectForAllocation
Event: 4000.560 Executing VM operation: G1CollectForAllocation done
Event: 4000.745 Executing VM operation: G1PauseRemark
Event: 4000.785 Executing VM operation: G1PauseRemark done
Event: 4000.870 Executing VM operation: G1PauseCleanup
Event: 4000.870 Executing VM operation: G1PauseCleanup done
Event: 4001.870 Executing VM operation: Cleanup
Event: 4001.870 Executing VM operation: Cleanup done

Memory protections (0 events):
No events

Nmethod flushes (20 events):
Event: 3945.693 Thread 0x0000022ac50211b0 flushing  nmethod 0x0000022aec127e10
Event: 3945.694 Thread 0x0000022ac50211b0 flushing osr nmethod 0x0000022aec26b510
Event: 3945.694 Thread 0x0000022ac50211b0 flushing  nmethod 0x0000022aec361790
Event: 3945.695 Thread 0x0000022ac50211b0 flushing  nmethod 0x0000022aec533110
Event: 3945.696 Thread 0x0000022ac50211b0 flushing  nmethod 0x0000022aec649110
Event: 3945.697 Thread 0x0000022ac50211b0 flushing  nmethod 0x0000022aec89fb90
Event: 3945.700 Thread 0x0000022ac50211b0 flushing  nmethod 0x0000022aecd98b90
Event: 3945.701 Thread 0x0000022ac50211b0 flushing  nmethod 0x0000022aece92710
Event: 3945.701 Thread 0x0000022ac50211b0 flushing  nmethod 0x0000022aecf28390
Event: 3945.701 Thread 0x0000022ac50211b0 flushing  nmethod 0x0000022aecf28d10
Event: 3945.701 Thread 0x0000022ac50211b0 flushing  nmethod 0x0000022aecf29490
Event: 3945.701 Thread 0x0000022ac50211b0 flushing  nmethod 0x0000022aecf29b10
Event: 3945.701 Thread 0x0000022ac50211b0 flushing  nmethod 0x0000022aecf2a090
Event: 3945.702 Thread 0x0000022ac50211b0 flushing  nmethod 0x0000022aed033d90
Event: 3945.702 Thread 0x0000022ac50211b0 flushing  nmethod 0x0000022aed036a90
Event: 3945.702 Thread 0x0000022ac50211b0 flushing  nmethod 0x0000022aed05be10
Event: 3945.702 Thread 0x0000022ac50211b0 flushing  nmethod 0x0000022aed05c590
Event: 3945.702 Thread 0x0000022ac50211b0 flushing  nmethod 0x0000022aed09a510
Event: 3945.702 Thread 0x0000022ac50211b0 flushing  nmethod 0x0000022aed09a910
Event: 3945.702 Thread 0x0000022ac50211b0 flushing  nmethod 0x0000022aed09fd90

Events (20 events):
Event: 4000.453 Thread 0x0000022ad339ac20 Thread added: 0x0000022ac6728790
Event: 4000.453 Thread 0x0000022ad339ac20 Thread added: 0x0000022ac67296c0
Event: 4000.453 Thread 0x0000022ad339ac20 Thread added: 0x0000022ac67291b0
Event: 4000.490 Thread 0x0000022ad339ac20 Thread added: 0x0000022ac6729bd0
Event: 4000.490 Thread 0x0000022ad339ac20 Thread added: 0x0000022acbf34640
Event: 4000.517 Thread 0x0000022ad339ac20 Thread added: 0x0000022acb741ed0
Event: 4000.531 Thread 0x0000022ad2833020 Thread added: 0x0000022acb742e00
Event: 4000.531 Thread 0x0000022ad2833020 Thread added: 0x0000022acb743d30
Event: 4000.532 Thread 0x0000022ad2833020 Thread added: 0x0000022acb740fa0
Event: 4000.610 Thread 0x0000022acb741ed0 Thread added: 0x0000022acbf35060
Event: 4001.034 Thread 0x0000022acbf35060 Thread exited: 0x0000022acbf35060
Event: 4001.038 Thread 0x0000022acb741ed0 Thread added: 0x0000022acb743310
Event: 4001.666 Thread 0x0000022ad2632db0 Thread exited: 0x0000022ad2632db0
Event: 4001.797 Thread 0x0000022acb743310 Thread exited: 0x0000022acb743310
Event: 4001.857 Thread 0x0000022acb741ed0 Thread added: 0x0000022ad339b640
Event: 4001.891 Thread 0x0000022ad2833020 Thread added: 0x0000022ad339fd20
Event: 4001.918 Thread 0x0000022ac5020090 Thread added: 0x0000022ad2632db0
Event: 4001.965 Thread 0x0000022acbf34b50 Thread added: 0x0000022ad339c060
Event: 4001.979 Thread 0x0000022ad339fd20 Thread added: 0x0000022acbf35060
Event: 4002.059 Thread 0x0000022acbf34b50 Thread added: 0x0000022acbf35570


Dynamic libraries:
0x00007ff6f8670000 - 0x00007ff6f867e000 	E:\CCN\CCN-4\Mobile\jdk\sdk\bin\java.exe
0x00007ff9fb170000 - 0x00007ff9fb369000 	C:\WINDOWS\SYSTEM32\ntdll.dll
0x00007ff9f96a0000 - 0x00007ff9f9762000 	C:\WINDOWS\System32\KERNEL32.DLL
0x00007ff9f8d50000 - 0x00007ff9f9047000 	C:\WINDOWS\System32\KERNELBASE.dll
0x00007ff9f8a30000 - 0x00007ff9f8b30000 	C:\WINDOWS\System32\ucrtbase.dll
0x00007ff99bc00000 - 0x00007ff99bc18000 	E:\CCN\CCN-4\Mobile\jdk\sdk\bin\jli.dll
0x00007ff99bbe0000 - 0x00007ff99bbfe000 	E:\CCN\CCN-4\Mobile\jdk\sdk\bin\VCRUNTIME140.dll
0x00007ff9f9b10000 - 0x00007ff9f9cad000 	C:\WINDOWS\System32\USER32.dll
0x00007ff9f87e0000 - 0x00007ff9f8802000 	C:\WINDOWS\System32\win32u.dll
0x00007ff9e2ab0000 - 0x00007ff9e2d4b000 	C:\WINDOWS\WinSxS\amd64_microsoft.windows.common-controls_6595b64144ccf1df_6.0.19041.6926_none_60b5a53971f8f7e6\COMCTL32.dll
0x00007ff9fa070000 - 0x00007ff9fa09b000 	C:\WINDOWS\System32\GDI32.dll
0x00007ff9faeb0000 - 0x00007ff9faf4e000 	C:\WINDOWS\System32\msvcrt.dll
0x00007ff9f9050000 - 0x00007ff9f916a000 	C:\WINDOWS\System32\gdi32full.dll
0x00007ff9f8c60000 - 0x00007ff9f8cfd000 	C:\WINDOWS\System32\msvcp_win.dll
0x00007ff9f9ae0000 - 0x00007ff9f9b0f000 	C:\WINDOWS\System32\IMM32.DLL
0x00007ff9f1c70000 - 0x00007ff9f1c7c000 	E:\CCN\CCN-4\Mobile\jdk\sdk\bin\vcruntime140_1.dll
0x00007ff9732f0000 - 0x00007ff973379000 	E:\CCN\CCN-4\Mobile\jdk\sdk\bin\msvcp140.dll
0x00007ff9723a0000 - 0x00007ff97301a000 	E:\CCN\CCN-4\Mobile\jdk\sdk\bin\server\jvm.dll
0x00007ff9f9170000 - 0x00007ff9f9221000 	C:\WINDOWS\System32\ADVAPI32.dll
0x00007ff9faf50000 - 0x00007ff9fafef000 	C:\WINDOWS\System32\sechost.dll
0x00007ff9f99b0000 - 0x00007ff9f9ad6000 	C:\WINDOWS\System32\RPCRT4.dll
0x00007ff9f8810000 - 0x00007ff9f8837000 	C:\WINDOWS\System32\bcrypt.dll
0x00007ff9fa4a0000 - 0x00007ff9fa50b000 	C:\WINDOWS\System32\WS2_32.dll
0x00007ff9f7ca0000 - 0x00007ff9f7ceb000 	C:\WINDOWS\SYSTEM32\POWRPROF.dll
0x00007ff9eee10000 - 0x00007ff9eee1a000 	C:\WINDOWS\SYSTEM32\VERSION.dll
0x00007ff9e3880000 - 0x00007ff9e38a7000 	C:\WINDOWS\SYSTEM32\WINMM.dll
0x00007ff9f7b60000 - 0x00007ff9f7b72000 	C:\WINDOWS\SYSTEM32\UMPDC.dll
0x00007ff9f6fb0000 - 0x00007ff9f6fc2000 	C:\WINDOWS\SYSTEM32\kernel.appcore.dll
0x00007ff9e1e00000 - 0x00007ff9e1e0a000 	E:\CCN\CCN-4\Mobile\jdk\sdk\bin\jimage.dll
0x00007ff9f64f0000 - 0x00007ff9f66f1000 	C:\WINDOWS\SYSTEM32\DBGHELP.DLL
0x00007ff9cdda0000 - 0x00007ff9cddd4000 	C:\WINDOWS\SYSTEM32\dbgcore.DLL
0x00007ff9f89a0000 - 0x00007ff9f8a22000 	C:\WINDOWS\System32\bcryptPrimitives.dll
0x00007ff9c4b30000 - 0x00007ff9c4b3f000 	E:\CCN\CCN-4\Mobile\jdk\sdk\bin\instrument.dll
0x00007ff991220000 - 0x00007ff991246000 	E:\CCN\CCN-4\Mobile\jdk\sdk\bin\java.dll
0x00007ff973210000 - 0x00007ff9732e6000 	E:\CCN\CCN-4\Mobile\jdk\sdk\bin\jsvml.dll
0x00007ff9fa6d0000 - 0x00007ff9fae41000 	C:\WINDOWS\System32\SHELL32.dll
0x00007ff9f67f0000 - 0x00007ff9f6f96000 	C:\WINDOWS\SYSTEM32\windows.storage.dll
0x00007ff9f9d10000 - 0x00007ff9fa063000 	C:\WINDOWS\System32\combase.dll
0x00007ff9f8200000 - 0x00007ff9f822b000 	C:\WINDOWS\SYSTEM32\Wldp.dll
0x00007ff9fa0a0000 - 0x00007ff9fa176000 	C:\WINDOWS\System32\OLEAUT32.dll
0x00007ff9fb000000 - 0x00007ff9fb0ad000 	C:\WINDOWS\System32\SHCORE.dll
0x00007ff9fa180000 - 0x00007ff9fa1db000 	C:\WINDOWS\System32\shlwapi.dll
0x00007ff9f8700000 - 0x00007ff9f8724000 	C:\WINDOWS\SYSTEM32\profapi.dll
0x00007ff991200000 - 0x00007ff991218000 	E:\CCN\CCN-4\Mobile\jdk\sdk\bin\zip.dll
0x00007ff973b80000 - 0x00007ff973b9b000 	E:\CCN\CCN-4\Mobile\jdk\sdk\bin\net.dll
0x00007ff9ede30000 - 0x00007ff9edf3a000 	C:\WINDOWS\SYSTEM32\WINHTTP.dll
0x00007ff9f7f10000 - 0x00007ff9f7f7a000 	C:\WINDOWS\system32\mswsock.dll
0x00007ff973b60000 - 0x00007ff973b76000 	E:\CCN\CCN-4\Mobile\jdk\sdk\bin\nio.dll
0x00007ff9bd4c0000 - 0x00007ff9bd4d0000 	E:\CCN\CCN-4\Mobile\jdk\sdk\bin\verify.dll
0x00007ff9b6130000 - 0x00007ff9b6157000 	C:\Users\Pc\.gradle\native\68d5fa5c4cc2d200863cafc0d521ce42e7d3e7ee720ec0a83991735586a16f82\windows-amd64\native-platform.dll
0x00007ff97c570000 - 0x00007ff97c6b4000 	C:\Users\Pc\.gradle\native\e376f236ea51e6404a007f0833ffe2c6e607c4080706a723a18a27aeea778392\windows-amd64\native-platform-file-events.dll
0x00007ff9c4a90000 - 0x00007ff9c4a9a000 	E:\CCN\CCN-4\Mobile\jdk\sdk\bin\management.dll
0x00007ff9c3ef0000 - 0x00007ff9c3efc000 	E:\CCN\CCN-4\Mobile\jdk\sdk\bin\management_ext.dll
0x00007ff9faff0000 - 0x00007ff9faff8000 	C:\WINDOWS\System32\PSAPI.DLL
0x00007ff9f8160000 - 0x00007ff9f8178000 	C:\WINDOWS\SYSTEM32\CRYPTSP.dll
0x00007ff9f77a0000 - 0x00007ff9f77d8000 	C:\WINDOWS\system32\rsaenh.dll
0x00007ff9f86c0000 - 0x00007ff9f86ee000 	C:\WINDOWS\SYSTEM32\USERENV.dll
0x00007ff9f8150000 - 0x00007ff9f815c000 	C:\WINDOWS\SYSTEM32\CRYPTBASE.dll
0x00007ff9f7b80000 - 0x00007ff9f7bbb000 	C:\WINDOWS\SYSTEM32\IPHLPAPI.DLL
0x00007ff9fa510000 - 0x00007ff9fa518000 	C:\WINDOWS\System32\NSI.dll
0x00007ff9eee80000 - 0x00007ff9eee97000 	C:\WINDOWS\SYSTEM32\dhcpcsvc6.DLL
0x00007ff9eee40000 - 0x00007ff9eee5d000 	C:\WINDOWS\SYSTEM32\dhcpcsvc.DLL
0x00007ff9f7bc0000 - 0x00007ff9f7c8a000 	C:\WINDOWS\SYSTEM32\DNSAPI.dll
0x00007ff9c3cf0000 - 0x00007ff9c3cf9000 	E:\CCN\CCN-4\Mobile\jdk\sdk\bin\extnet.dll
0x00007ff9f0b50000 - 0x00007ff9f0b5e000 	E:\CCN\CCN-4\Mobile\jdk\sdk\bin\sunmscapi.dll
0x00007ff9f8840000 - 0x00007ff9f899d000 	C:\WINDOWS\System32\CRYPT32.dll
0x00007ff9f8270000 - 0x00007ff9f8297000 	C:\WINDOWS\SYSTEM32\ncrypt.dll
0x00007ff9f8230000 - 0x00007ff9f826b000 	C:\WINDOWS\SYSTEM32\NTASN1.dll
0x00007ff9ac940000 - 0x00007ff9ac947000 	C:\WINDOWS\system32\wshunix.dll
0x00007ff9c4aa0000 - 0x00007ff9c4ab7000 	C:\WINDOWS\system32\napinsp.dll
0x00007ff9b12b0000 - 0x00007ff9b12cb000 	C:\WINDOWS\system32\pnrpnsp.dll
0x00007ff9f4460000 - 0x00007ff9f447d000 	C:\WINDOWS\system32\wshbth.dll
0x00007ff9f2620000 - 0x00007ff9f263d000 	C:\WINDOWS\system32\NLAapi.dll
0x00007ff9b1290000 - 0x00007ff9b12a2000 	C:\WINDOWS\System32\winrnr.dll
0x00007ff9effc0000 - 0x00007ff9effca000 	C:\Windows\System32\rasadhlp.dll
0x00007ff9e5d60000 - 0x00007ff9e5de0000 	C:\WINDOWS\System32\fwpuclnt.dll
0x00007ff9f79f0000 - 0x00007ff9f7a23000 	C:\WINDOWS\SYSTEM32\ntmarta.dll
0x00007ff9f4990000 - 0x00007ff9f4a24000 	C:\WINDOWS\system32\apphelp.dll
0x00007ff9d8af0000 - 0x00007ff9d8b0e000 	C:\Users\Pc\AppData\Local\Temp\native-platform6890686970510542695dir\native-platform.dll
0x00007ff9ec020000 - 0x00007ff9ec027000 	E:\CCN\CCN-4\Mobile\jdk\sdk\bin\rmi.dll

dbghelp: loaded successfully - version: 4.0.5 - missing functions: none
symbol engine: initialized successfully - sym options: 0x614 - pdb path: .;E:\CCN\CCN-4\Mobile\jdk\sdk\bin;C:\WINDOWS\SYSTEM32;C:\WINDOWS\WinSxS\amd64_microsoft.windows.common-controls_6595b64144ccf1df_6.0.19041.6926_none_60b5a53971f8f7e6;E:\CCN\CCN-4\Mobile\jdk\sdk\bin\server;C:\Users\Pc\.gradle\native\68d5fa5c4cc2d200863cafc0d521ce42e7d3e7ee720ec0a83991735586a16f82\windows-amd64;C:\Users\Pc\.gradle\native\e376f236ea51e6404a007f0833ffe2c6e607c4080706a723a18a27aeea778392\windows-amd64;C:\Users\Pc\AppData\Local\Temp\native-platform6890686970510542695dir

VM Arguments:
jvm_args: --add-opens=java.base/java.util=ALL-UNNAMED --add-opens=java.base/java.lang=ALL-UNNAMED --add-opens=java.base/java.lang.invoke=ALL-UNNAMED --add-opens=java.prefs/java.util.prefs=ALL-UNNAMED --add-opens=java.base/java.nio.charset=ALL-UNNAMED --add-opens=java.base/java.net=ALL-UNNAMED --add-opens=java.base/java.util.concurrent.atomic=ALL-UNNAMED -Xmx2048m -Dfile.encoding=UTF-8 -Duser.country=US -Duser.language=en -Duser.variant -javaagent:C:\Users\Pc\.gradle\wrapper\dists\gradle-8.1-bin\2eyty4r6kz6fpakefpk52nbbm\gradle-8.1\lib\agents\gradle-instrumentation-agent-8.1.jar 
java_command: org.gradle.launcher.daemon.bootstrap.GradleDaemon 8.1
java_class_path (initial): C:\Users\Pc\.gradle\wrapper\dists\gradle-8.1-bin\2eyty4r6kz6fpakefpk52nbbm\gradle-8.1\lib\gradle-launcher-8.1.jar
Launcher Type: SUN_STANDARD

[Global flags]
     intx CICompilerCount                          = 3                                         {product} {ergonomic}
     uint ConcGCThreads                            = 1                                         {product} {ergonomic}
     uint G1ConcRefinementThreads                  = 4                                         {product} {ergonomic}
   size_t G1HeapRegionSize                         = 1048576                                   {product} {ergonomic}
    uintx GCDrainStackTargetSize                   = 64                                        {product} {ergonomic}
   size_t InitialHeapSize                          = 268435456                                 {product} {ergonomic}
   size_t MarkStackSize                            = 4194304                                   {product} {ergonomic}
   size_t MaxHeapSize                              = 2147483648                                {product} {command line}
   size_t MaxNewSize                               = 1287651328                                {product} {ergonomic}
   size_t MinHeapDeltaBytes                        = 1048576                                   {product} {ergonomic}
   size_t MinHeapSize                              = 8388608                                   {product} {ergonomic}
    uintx NonNMethodCodeHeapSize                   = 5832780                                {pd product} {ergonomic}
    uintx NonProfiledCodeHeapSize                  = 122912730                              {pd product} {ergonomic}
    uintx ProfiledCodeHeapSize                     = 122912730                              {pd product} {ergonomic}
    uintx ReservedCodeCacheSize                    = 251658240                              {pd product} {ergonomic}
     bool SegmentedCodeCache                       = true                                      {product} {ergonomic}
   size_t SoftMaxHeapSize                          = 2147483648                             {manageable} {ergonomic}
     bool UseCompressedClassPointers               = true                           {product lp64_product} {ergonomic}
     bool UseCompressedOops                        = true                           {product lp64_product} {ergonomic}
     bool UseG1GC                                  = true                                      {product} {ergonomic}
     bool UseLargePagesIndividualAllocation        = false                                  {pd product} {ergonomic}

Logging:
Log output configuration:
 #0: stdout all=warning uptime,level,tags
 #1: stderr all=off uptime,level,tags

Environment Variables:
JAVA_HOME=E:\CCN\CCN-4\Mobile\jdk\sdk
CLASSPATH=E:\CCN\CCN-4\Mobile\ContactManagerApp\\gradle\wrapper\gradle-wrapper.jar
PATH=C:\Program Files\WindowsApps\Microsoft.PowerShell_7.6.1.0_x64__8wekyb3d8bbwe;C:\Program Files\Microsoft SDKs\Azure\CLI2\wbin;C:\Program Files\Microsoft\jdk-17.0.18.8-hotspot\bin;C:\Program Files\Microsoft\jdk-17.0.18.8-hotspot\bin;E:\vmware\bin\;C:\Python314\Scripts\;C:\Python314\;C:\Program Files\Common Files\Oracle\Java\javapath;C:\Program Files (x86)\Common Files\Oracle\Java\java8path;C:\Program Files (x86)\Common Files\Oracle\Java\javapath;E:\DISK1\app\oracle\product\11.2.0\server\bin;C:\Program Files (x86)\Intel\iCLS Client\;C:\Program Files\Intel\iCLS Client\;C:\Windows\system32;C:\Windows;C:\Windows\System32\Wbem;C:\Windows\System32\WindowsPowerShell\v1.0\;C:\Windows\System32\OpenSSH\;C:\Program Files (x86)\Intel\Intel(R) Management Engine Components\DAL;C:\Program Files\Intel\Intel(R) Management Engine Components\DAL;C:\Program Files (x86)\Intel\Intel(R) Management Engine Components\IPT;C:\Program Files\Intel\Intel(R) Management Engine Components\IPT;C:\Program Files\Microsoft VS Code\bin;C:\Program Files (x86)\NVIDIA Corporation\PhysX\Common;C:\Program Files\NVIDIA Corporation\NVIDIA NvDLISR;C:\Program Files\dotnet\;C:\Program Files (x86)\Microsoft SQL Server\160\Tools\Binn\;C:\Program Files\Microsoft SQL Server\160\Tools\Binn\;C:\Program Files\Microsoft SQL Server\Client SDK\ODBC\170\Tools\Binn\;C:\Program Files\Microsoft SQL Server\160\DTS\Binn\;C:\Program Files\cursor\resources\app\bin;C:\MAMP\bin\php\php8.3.1;C:\composer;C:\Program Files (x86)\Microsoft SQL Server\170\Tools\Binn\;C:\Program Files\Microsoft SQL Server\170\Tools\Binn\;C:\Program Files\Microsoft SQL Server\Client SDK\ODBC\180\Tools\Binn\;C:\Program Files\Microsoft SQL Server\170\DTS\Binn\;C:\ProgramData\chocolatey\bin;C:\Program Files\Git\cmd;;C:\WINDOWS\system32;C:\WINDOWS;C:\WINDOWS\System32\Wbem;C:\WINDOWS\System32\WindowsPowerShell\v1.0\;C:\WINDOWS\System32\OpenSSH\;C:\Program Files\GitHub CLI\;E:\Antigravity\;C:\Program Files\Docker\Docker\resources\bin;C:\Program Files\Amazon\AWSCLIV2\;C:\Program Files\Amazon\SessionManagerPlugin\bin\;C:\Program Files\Java\latest\bin;C:\Users\Pc\AppData\Local\Programs\Python\Python313\Scripts\;C:\Users\Pc\AppData\Local\Programs\Python\Python313\;C:\Users\Pc\AppData\Local\Programs\Python\Launcher\;C:\Users\Pc\AppData\Local\Microsoft\WindowsApps;E:\Microsoft VS Code\bin;C:\Program Files\OpenSSL-Win64\bin;C:\Users\Pc\AppData\Local\Programs\Ollama;E:\Flutter\Flutter\Dart101\dart-sdk\bin;E:\Flutter\Flutterproject\flutter\bin;C:\Users\Pc\AppData\Roaming\Composer\vendor\bin;E:\CCN\projet\ZCCN-2\Adminstrateur et securiter de server\Warp\bin;E:\Cursor\cursor\resources\app\bin;C:\Users\Pc\AppData\Roaming\Python\Python314\Scripts;E:\CCN\CCN-4\Mobile\jdk\sdk\bin;C:\Users\Pc\AppData\Local\Microsoft\WindowsApps;C:\Users\Pc\AppData\Roaming\npm;C:\Users\Pc\AppData\Local\Python\bin;C:\Users\Pc\AppData\Local\Google\Cloud SDK\google-cloud-sdk\bin;E:\antig\Antigravity\bin;C:\Users\Pc\AppData\Local\Microsoft\WinGet\Packages\Hashicorp.Terraform_Microsoft.Winget.Source_8wekyb3d8bbwe
USERNAME=Pc
OS=Windows_NT
PROCESSOR_IDENTIFIER=Intel64 Family 6 Model 94 Stepping 3, GenuineIntel
TMP=C:\Users\Pc\AppData\Local\Temp
TEMP=C:\Users\Pc\AppData\Local\Temp



Periodic native trim disabled


---------------  S Y S T E M  ---------------

OS:
 Windows 10 , 64 bit Build 19041 (10.0.19041.7291)
OS uptime: 0 days 3:15 hours
Hyper-V role detected

CPU: total 4 (initial active 4) (4 cores per cpu, 1 threads per core) family 6 model 94 stepping 3 microcode 0xcc, cx8, cmov, fxsr, mmx, 3dnowpref, sse, sse2, sse3, ssse3, sse4.1, sse4.2, popcnt, lzcnt, tsc, tscinvbit, avx, avx2, aes, erms, clmul, bmi1, bmi2, rtm, adx, fma, vzeroupper, clflush, clflushopt, hv
Processor Information for the first 4 processors :
  Max Mhz: 2304, Current Mhz: 2304, Mhz Limit: 2304

Memory: 4k page, system-wide physical 16282M (1334M free)
TotalPageFile size 16282M (AvailPageFile size 6M)
current process WorkingSet (physical memory assigned to process): 1064M, peak: 1267M
current process commit charge ("private bytes"): 1097M, peak: 1301M

vm_info: OpenJDK 64-Bit Server VM (17.0.18+8-LTS) for windows-amd64 JRE (17.0.18+8-LTS), built on Jan 15 2026 18:50:45 by "MicrosoftCorporation" with MS VC++ 17.14 (VS2022)

END.
